AL1,309357.2715974538
AL10,197335.33574128518
AL2,281076.60612605535
AL3,323014.8074106945
AL4,293761.934656063
AL5,437447.95604836015
AL6,419455.03773974016
AL7,204302.8080936056
AL8,277310.7808404009
AL9,376447.3509012092
B1,222874.72592133787
B10,90060.9037100579
B11,98773.39668279198
B12,116926.93497069494
B13,162297.4714218969
B14,123809.09948634767
B15,257311.81056782336
B16,152520.81167507244
B17,193795.71082771505
B18,118559.8664043082
B19,96349.04926108374
B2,548141.4811912226
B20,113980.16346403531
B21,80444.84522641245
B23,97105.80557810506
B24,117202.17682651494
B25,96263.6126615471
B26,118968.11999363007
B27,112337.09848739496
B28,146574.48243601058
B29,139024.78833529126
B3,286000.7544075441
B30,131790.33614119535
B31,115962.18816254417
B32,113388.36626331949
B33,92970.11000311624
B34,105043.45253110619
B35,121262.64219041693
B36,125289.61420233463
B37,154092.20905539417
B38,120969.73126655242
B4,1963766.5375302664
B40,20430150.0
B42,106735.64801913279
B43,129578.28198019802
B44,91057.33553070761
B45,166056.99638398623
B46,170360.47338884865
B47,207969.93767489187
B48,227102.78070548235
B49,202846.0435885609
B5,170733.3720040282
B50,191246.628444726
B6,110119.46578171091
B60,190397.71314927467
B61,165729.80904432258
B62,144787.289713397
B63,116812.20694278904
B64,110170.26694840641
B65,99038.63475862068
B66,101586.0694489204
B67,99189.7216234586
B68,104935.08988424762
B69,124514.9266508705
B7,128229.90867579909
B70,99632.5940564636
B71,101325.65191956125
B72,195750.72696605523
B73,189786.11999251216
B74,256447.39854828952
B75,201276.61348841246
B76,171567.6399484061
B77,122210.49759539755
B78,144015.2993369119
B79,148304.82367404285
B8,86225.05339435545
B80,167204.47027914613
B9,82590.79211956522
B90,201078.62907852276
B91,271466.88201847905
B92,174335.75067665387
B93,314676.630264176
B94,350061.9831557236
B95,280169.0351826793
B96,232472.96474086662
B97,154730.80336653636
B98,132087.66503321353
BA1,294622.09950391145
BA10,185209.84925276155
BA11,166714.5835579515
BA12,176844.09496772187
BA13,153440.42457634193
BA14,158844.3045066045
BA15,238455.0662613034
BA16,148941.7038417896
BA2,251721.08236632537
BA20,149991.28742025193
BA21,130613.66828975052
BA22,198902.94699695543
BA3,165370.78602320314
BA4,176667.20241691842
BA5,199242.3933887916
BA6,178481.5361445783
BA7,175236.02301150575
BA8,190168.4552238806
BA9,176431.57639751554
BB1,92207.25600805871
BB10,72553.21551998304
BB11,61551.95831602271
BB12,92102.77723830992
BB18,95467.6973464021
BB2,94154.5151552489
BB3,80662.51987032586
BB4,114266.69659708321
BB5,75268.70271962162
BB6,117392.04259690453
BB7,166119.55785261755
BB8,93767.18970615412
BB9,68060.27165553765
BD1,136676.28307588986
BD10,115350.99056301983
BD11,129428.69157237612
BD12,88551.91453109849
BD13,108109.43731343283
BD14,99909.94327251996
BD15,107249.04071542824
BD16,145195.77175596158
BD17,150375.2469809568
BD18,110952.08356692361
BD19,122329.74956343092
BD2,87638.2764221201
BD20,137638.0635479083
BD21,72080.46543196886
BD22,112416.20286163758
BD23,172500.628713575
BD24,173174.74854707476
BD3,59819.06783511847
BD4,83738.73467002338
BD5,63748.47717109908
BD6,87895.69724699495
BD7,70605.93013546112
BD8,69638.80181905218
BD9,94239.90936803845
BD99,4660000.0
BH1,151912.1356032277
BH10,171943.74087796116
BH11,156094.48825460975
BH12,152855.87349879905
BH13,454797.27865875803
BH14,286863.87460577773
BH15,189197.98536784423
BH16,180892.5978779025
BH17,148861.19864395834
BH18,263169.6561371841
BH19,218413.33568166994
BH2,164537.88887515452
BH20,225111.94772136307
BH21,247648.30365957448
BH22,232316.68559618443
BH23,230425.72132240218
BH24,287575.22774309415
BH25,217022.57829984545
BH3,266457.01780315756
BH31,206712.61279237334
BH4,197798.77730556738
BH5,170871.09778745845
BH6,200979.91713483146
BH7,193298.42086811352
BH8,173964.35026068115
BH9,165304.72361873166
BL0,132422.67728989612
BL1,120229.47388476194
BL2,96554.52311998053
BL3,81747.32367807154
BL4,79442.72488271222
BL5,121834.39084158416
BL6,130544.79503244573
BL7,166533.9279457474
BL8,129164.07869716048
BL9,106386.8619452027
BN1,231011.90798955143
BN10,165028.44380514
BN11,156709.7651543557
BN12,213691.30704504208
BN13,183632.0986358165
BN14,188302.40402843602
BN15,157239.51988346686
BN16,224466.1801773106
BN17,150728.88246051536
BN18,250809.64610778444
BN2,201858.87874244992
BN20,214095.70662037403
BN21,154993.752
BN22,141348.75677506774
BN23,173143.0146111111
BN24,181151.9450232409
BN25,190029.99892311005
BN26,184571.16951587415
BN27,183835.50021453088
BN3,221615.29965184056
BN4,109000.0
BN41,168016.1917822726
BN42,193631.9115995116
BN43,212823.3494702386
BN44,239867.09431578947
BN45,387897.354368932
BN5,309278.7142433234
BN6,303669.22047040577
BN7,267295.9654455987
BN8,296952.6294882914
BN9,161871.59969924812
BN99,10930000.0
BR1,275310.2399984265
BR2,283662.8862275449
BR3,280827.68709021027
BR4,300530.2998616874
BR5,225406.40722228462
BR6,305160.1427993118
BR7,372413.16261330975
BR8,198780.10672290387
BS1,318504.9533512751
BS10,155993.30084833436
BS11,144141.11554122836
BS12,204695.33333333334
BS13,131727.85411319736
BS14,148472.0068278805
BS15,141207.35565047344
BS16,176657.31124136262
BS17,251140.0
BS18,337000.0
BS19,258333.33333333334
BS2,179726.6523786329
BS20,217197.91076248314
BS21,182952.08248163527
BS22,132183.09760243335
BS23,136053.93885124233
BS24,165813.1329489158
BS25,246253.41939037826
BS26,219314.75385380408
BS27,191475.7519509476
BS28,305334.2391125719
BS29,174572.13475177306
BS3,163673.5130476649
BS30,169748.07332826746
BS31,215165.94439174767
BS32,161449.7038057517
BS34,160899.7465555006
BS35,221331.08546915726
BS36,224547.42465753425
BS37,155407.44122227593
BS39,203601.9413781842
BS4,144955.9028255059
BS40,287835.4450043821
BS41,273408.385155096
BS48,219646.75377035994
BS49,195413.14239871642
BS5,123917.06808985052
BS6,243603.42042782588
BS7,189227.27247926668
BS8,267550.3630289532
BS9,278494.5838568298
C05,285000.0
C07,36000.0
C08,245000.0
CA1,97832.65651041667
CA10,172661.40407535562
CA11,156031.4483234714
CA12,226959.4107142857
CA13,157776.71274834438
CA14,97808.60262762762
CA15,88472.0308828466
CA16,156444.2513430545
CA17,157849.590636908
CA18,184457.11627906977
CA19,177393.86618004867
CA2,89357.66581419915
CA20,125384.41910331383
CA21,132686.36111111112
CA22,95172.17982176958
CA23,85052.08802308803
CA24,75789.6453488372
CA25,81863.79521141111
CA26,89194.72904483431
CA27,153872.09906759908
CA28,98176.01689157309
CA3,122812.95630869742
CA4,182120.44622487779
CA5,177226.95776957768
CA6,153045.32610124917
CA7,120918.376795977
CA8,145389.25893306494
CA9,130350.55334987593
CB1,250469.55870794595
CB10,286243.4555284269
CB11,265906.6318546979
CB2,438442.7713625866
CB20,6361000.0
CB21,254872.5078515346
CB22,283788.8013648294
CB23,234617.67546343975
CB24,212534.35591034693
CB25,214769.76488946684
CB3,396842.56601760467
CB4,229975.57129173508
CB5,261869.8948694457
CB6,172361.53974554155
CB7,163976.42261773968
CB8,204635.8757918109
CB9,147686.67874530103
CF1,337018.5135135135
CF10,223014.0757725832
CF11,144282.89493497604
CF14,178259.354985587
CF15,194425.6958979753
CF2,301805.4137931034
CF23,172823.1774676478
CF24,125439.5493921324
CF3,135712.215072806
CF30,80975.0
CF31,120796.48264143051
CF32,103348.47460809162
CF33,97556.90753911807
CF34,75264.13079551
CF35,152881.9093879976
CF36,156904.98538439051
CF37,86065.26929487645
CF38,119959.51828171828
CF39,79174.21123840698
CF4,231673.5294117647
CF40,58349.593928464084
CF41,56157.0146460537
CF42,53740.38033200252
CF43,43516.58405761112
CF44,79137.41108931036
CF45,59382.98235013516
CF46,87705.93292227204
CF47,77261.51727541955
CF48,81766.56836623471
CF5,144167.5561023622
CF61,139648.1448621554
CF62,129615.42340278148
CF63,99980.9524967082
CF64,189957.43346971704
CF7,138333.33333333334
CF71,267540.6453692849
CF72,138164.77765191358
CF8,90131.81818181818
CF81,73132.40741604478
CF82,102852.54754011404
CF83,109150.66721229482
CF99,40500000.0
CH1,172377.2703506575
CH2,152309.25030244375
CH3,204058.7944704208
CH4,159210.14434420542
CH41,67153.48754400217
CH42,82243.75905314312
CH43,127579.37930553619
CH44,71757.32483671988
CH45,106682.29340919167
CH46,100913.31141114983
CH47,177358.34270516716
CH48,212604.93882320594
CH49,119012.72018305781
CH5,133586.59004354326
CH6,102912.36085569525
CH60,239846.6388384755
CH61,151777.8193871538
CH62,113951.55881375643
CH63,141841.7421702902
CH64,190843.2225598177
CH65,102689.93143738977
CH66,128513.8887645479
CH7,136420.75752202581
CH8,119867.43461597424
CH99,3590663.0
CM0,175307.55199178177
CM1,216154.02494494783
CM10,65000.0
CM11,273299.36086851044
CM12,250597.65643882175
CM13,314122.0605650155
CM14,259047.6541371936
CM15,294067.83745476475
CM16,325436.0115238095
CM17,198337.47246313962
CM18,140213.74340139443
CM19,172496.7756005905
CM2,204868.343300223
CM20,187299.87069645204
CM21,215167.09308469307
CM22,335667.9870084878
CM23,236795.99907178216
CM24,300299.33176761435
CM3,230258.28667169306
CM4,385968.78250303766
CM5,308665.7978443114
CM6,282028.3759738236
CM7,167438.81541248146
CM77,216362.6062354241
CM8,174094.49833461439
CM9,194772.2388937013
CO1,139514.21950137522
CO10,188455.47242622514
CO11,173575.09425287356
CO12,122855.44835013353
CO13,188942.57035670357
CO14,131336.21185220729
CO15,122942.4595764143
CO16,146202.28542312083
CO2,153876.85564149494
CO3,199715.17375400092
CO4,167117.26360150028
CO5,207406.4312376491
CO6,224629.7729171593
CO7,196920.366096149
CO8,248006.45578231293
CO9,176515.48556577368
CR0,209091.4993938359
CR2,238476.14875174937
CR3,262250.471346795
CR4,180558.13982861955
CR5,297746.43764666445
CR6,324989.3680438449
CR7,174422.31030022466
CR8,309280.3266797863
CR9,12019079.538461538
CT1,190278.58614550458
CT10,186745.79075661572
CT11,131275.87728538565
CT12,144165.8676261043
CT13,195798.92391832767
CT14,166254.37672150476
CT15,204003.7952945908
CT16,136819.7013205282
CT17,110378.45140721196
CT18,189829.06544841887
CT19,131545.65544454707
CT2,193685.9081820829
CT20,143823.6296065446
CT21,213194.2665394402
CT3,218741.7253243913
CT4,252925.65555896805
CT5,205729.98654911268
CT6,167513.6790129611
CT7,165094.88877826766
CT8,145139.08131526326
CT9,132387.39754799908
CV1,112168.80588719637
CV10,116446.64128228129
CV11,130163.32889393215
CV12,113575.04052394597
CV13,215260.44792408065
CV2,98779.3226131093
CV21,124442.47825141366
CV22,168402.863448188
CV23,214673.5391587738
CV3,140032.23166286104
CV31,165251.70261505555
CV32,222225.3986723216
CV33,243726.52905198777
CV34,200862.17601254833
CV35,278691.18721046415
CV36,249706.43972872457
CV37,261648.55628461074
CV4,171091.16351923757
CV47,205597.96516672865
CV5,137763.22348927
CV6,99492.55369678864
CV7,192776.12751620606
CV8,217775.55099113198
CV9,154004.6462682672
CW1,107983.07432505692
CW10,138949.27779905527
CW11,165556.1746602718
CW12,162730.23397194146
CW2,129741.24809798738
CW3,190146.33811055863
CW4,232144.9311153764
CW5,183624.4705195964
CW6,279191.4250252271
CW7,119930.8460556752
CW8,168193.45175464998
CW9,162778.62456095536
DA1,180302.26722898122
DA10,188491.32541943653
DA11,157498.83249490143
DA12,165647.2604912696
DA13,257901.2468707876
DA14,223578.33248212462
DA15,212445.1737384452
DA16,196800.90703646635
DA17,165844.98940505297
DA18,176151.158931083
DA2,215081.8587778459
DA3,244565.53117818292
DA4,219983.450096432
DA5,252087.25834243416
DA6,224970.8789838337
DA7,204658.23684956756
DA8,151913.8365016263
DA9,185950.57491366827
DE1,131926.95210635912
DE11,114765.51717691049
DE12,154403.40169984344
DE13,168578.90745997502
DE14,102790.29258760108
DE15,128400.17610559567
DE21,113990.32032485574
DE22,139511.33820672237
DE23,111942.82502394746
DE24,101182.60286177105
DE3,156910.80854786304
DE4,170752.71025769148
DE45,248299.82288355965
DE5,117986.06893552245
DE55,107004.17694767576
DE56,147733.22422991745
DE6,211956.26546533348
DE65,172215.82058720113
DE7,105300.56107221813
DE72,158722.12016315732
DE73,172886.26243272336
DE74,173595.12329272795
DE75,98413.44075425791
DG16,246364.75
DH1,197654.29295296117
DH11,320000.0
DH12,205000.0
DH2,101406.39664629368
DH3,117634.65207918917
DH4,109981.46937176876
DH5,92683.7761627907
DH6,90481.75609006378
DH7,98170.29038880249
DH8,102528.69858870968
DH9,79932.7954100196
DH99,750000.0
DL1,91327.00041305246
DL10,156291.31834874002
DL11,223616.38764324863
DL12,146830.7276174426
DL13,111279.55523755008
DL14,86471.69606602807
DL15,90439.44247305975
DL16,97931.66737548965
DL17,64677.08303865382
DL18,100000.0
DL2,167568.57412435513
DL3,110939.9597185878
DL4,64733.53078703704
DL5,102051.78671169115
DL6,161386.92845898197
DL7,166842.44014789708
DL8,186225.61391031824
DL9,119389.48736462095
DN1,96179.24528301887
DN10,160576.82781335773
DN11,110551.52987364621
DN12,78392.73209278613
DN14,119926.847115103
DN15,97981.69303269775
DN16,89599.3017954071
DN17,102120.66329173534
DN18,107314.3258388101
DN19,117629.60312899106
DN2,91285.70666494446
DN20,123098.42630413386
DN21,103465.79702394792
DN22,130285.73718647765
DN3,111257.5361328883
DN31,53672.68046875
DN32,66170.54923880268
DN33,106327.3980010953
DN34,78667.29926835025
DN35,88049.4221847567
DN36,137044.95126796776
DN37,122843.2296418863
DN38,135133.94518125552
DN39,122485.8265993266
DN4,107999.30541355904
DN40,82244.07662218131
DN41,131708.3634489866
DN5,100963.41437409504
DN6,91502.95703125
DN7,95279.94208494209
DN8,98169.47263681592
DN9,144826.6760285244
DT1,198878.5746040317
DT10,214049.88524880467
DT11,207902.66570470322
DT2,239694.4851090794
DT3,187339.31996133397
DT4,157247.084149115
DT5,126785.17177055807
DT6,210150.99753577108
DT7,255382.07038043477
DT8,217505.21797451374
DT9,221914.9411828073
DY1,111691.13824604142
DY10,138197.20013020834
DY11,141386.71312846703
DY12,177006.4557734205
DY13,145148.59692170421
DY14,214116.0196531792
DY2,92915.59839965397
DY3,129429.84987425034
DY4,93488.80348078317
DY5,105038.0849318976
DY6,142127.39871695178
DY7,235415.14409317804
DY8,143353.98343178217
DY9,198184.69427337073
E1,373705.02302648564
E10,196393.21509106678
E11,232823.96266913268
E12,174442.68984065767
E13,165536.05980324475
E14,366114.1880006318
E15,249817.79867212125
E16,287799.06753462605
E17,203743.44966529685
E18,272206.4819782062
E1W,406685.57648756664
E2,294239.8263255469
E20,567896.8676975945
E3,272190.1050371767
E4,228521.43443137582
E5,264778.297163244
E6,162171.57497221604
E7,175164.81945087152
E8,345003.28780194273
E9,289516.1007387508
EC1A,690258.305028854
EC1M,557717.2716535433
EC1N,1295174.9205448355
EC1R,565125.9476516634
EC1V,566332.1333085778
EC1Y,899585.9130434783
EC2A,1022198.4935185185
EC2M,3585701.586956522
EC2N,25282369.695652176
EC2P,82500.0
EC2R,16054224.606060605
EC2V,22878886.063829787
EC2Y,485716.43044384866
EC3A,4049832.0707070706
EC3M,22202651.36
EC3N,1449554.6191950464
EC3R,2240587.7491408936
EC3V,9589090.878787879
EC4A,1531806.98409894
EC4M,2478511.852348993
EC4N,10257249.222222222
EC4R,2722227.4852071004
EC4V,625183.0040322581
EC4Y,1691411.7554585154
EN1,206393.94476278973
EN10,248425.2686781609
EN11,201592.17236009732
EN2,258394.78202020202
EN3,172021.06951555732
EN4,340571.7430397079
EN5,311748.7826921886
EN6,315971.2955712452
EN7,252927.2840168244
EN8,178224.34432510886
EN9,212788.6732026144
EX1,177152.55342066957
EX10,242454.76662833046
EX11,247401.36603221085
EX12,184137.2037202381
EX13,212268.9178248784
EX14,171568.0986830397
EX15,168326.23266198853
EX16,171777.588055021
EX17,185069.10727736604
EX18,197944.7405485545
EX19,187678.5428416486
EX2,184137.0661643513
EX20,174856.6654165822
EX21,206552.23333333334
EX22,189605.1473536955
EX23,191946.15748816347
EX24,238510.06215384614
EX3,276705.5250757321
EX30,161000.0
EX31,177851.74309066398
EX32,144368.86328524895
EX33,210686.92572062084
EX34,176403.4692429857
EX35,189980.81044487428
EX36,180543.90019299695
EX37,226854.79054054053
EX38,147318.18944177823
EX39,161757.82763230684
EX4,196108.78516235275
EX5,225602.90512441768
EX6,212058.05467229072
EX7,162486.08345138442
EX8,176132.968136103
EX9,260606.67642160362
FY1,81644.76385281385
FY2,99272.77237596609
FY3,92178.27048962214
FY4,95420.36612021858
FY5,107880.42716276099
FY6,143247.73152582333
FY7,88183.69229310835
FY8,160362.51463942582
GL1,119770.18963553531
GL10,181457.74171506663
GL11,176557.07979139505
GL12,214812.5217958271
GL13,189508.0828292229
GL14,134554.4782676673
GL15,154091.71738625813
GL16,143316.8994966443
GL17,157016.22569524247
GL18,184246.37472834522
GL19,258626.38414400612
GL2,159745.685424419
GL20,175626.97325030077
GL3,160829.5810810811
GL30,116500.0
GL4,143740.88451518165
GL5,177350.10474564697
GL50,221404.90021217344
GL51,168358.36802689248
GL52,207789.8479748772
GL53,263644.3443134198
GL54,300740.6882699518
GL55,347564.07412844035
GL56,288449.51015892177
GL6,261305.6713639081
GL7,258419.33723086433
GL8,259130.57685790365
GL9,274267.2784992785
GR52,345000.0
GU1,328209.8125117298
GU10,425829.9574116188
GU11,175969.21748967146
GU12,183168.82039683976
GU13,199942.43548387097
GU14,199208.0060462575
GU15,283681.9783263095
GU16,249999.20181100088
GU17,216132.9892166836
GU18,266741.56862745096
GU19,223593.39682997117
GU2,257825.90156701658
GU20,432491.87355212355
GU21,260881.34694037147
GU22,314411.04393683025
GU23,391283.96839193994
GU24,352197.79091043235
GU25,790001.0569581281
GU26,325444.86041070963
GU27,340876.3624970991
GU28,392820.16645962733
GU29,306391.44915824913
GU3,385632.56491646776
GU30,307990.23833601474
GU31,311099.51247641013
GU32,274797.6333004926
GU33,289404.3249788792
GU34,282521.41771974164
GU35,214847.5389639844
GU4,324308.4288254119
GU46,220969.58608372626
GU47,214797.1051885455
GU5,495617.1309734513
GU51,278847.4923764844
GU52,256722.06385123782
GU6,332500.58859375
GU7,297127.03255297337
GU8,427811.2582247052
GU9,274350.1882337594
HA0,203584.1001242815
HA1,264460.709023569
HA2,230386.47278911565
HA3,243962.4318687136
HA4,267541.093732434
HA5,331986.9611481589
HA6,419864.4157488987
HA7,363777.87455670105
HA8,259372.21049112882
HA9,289720.59196952864
HD1,97106.05403987408
HD2,116972.23105181748
HD3,119045.33988804363
HD4,102075.79254679718
HD5,100715.24837507583
HD6,116841.27500804116
HD7,114234.36852704258
HD8,159587.01804178848
HD9,153626.42879948913
HG1,188728.51808484248
HG2,227682.51640248505
HG3,251120.2639754278
HG4,184708.2924042334
HG5,221060.58098236777
HP1,221288.82274966413
HP10,322320.1774288058
HP11,230506.80677290837
HP12,175338.74081935894
HP13,194439.95654417836
HP14,300441.11616766464
HP15,283088.97396732634
HP16,402269.9853862213
HP17,318999.42141230067
HP18,307864.2160283495
HP19,164748.3961479396
HP2,184516.1006657127
HP20,163155.60185304336
HP21,160619.00768283385
HP22,308952.891440678
HP23,285293.77393027866
HP27,321946.784650198
HP3,259826.4353310055
HP4,362765.0878352417
HP5,262559.678868857
HP6,383363.97676639084
HP7,365622.03128885204
HP8,552701.3549316055
HP9,623189.0635900188
HR1,179767.54580997344
HR2,151249.04521833028
HR3,221787.0708915145
HR4,153510.35707710826
HR5,172729.19760479042
HR6,159372.94251258633
HR7,169302.53741007193
HR8,181569.68624490412
HR9,193456.24864572048
HU1,159214.67741935485
HU10,154483.01608271108
HU11,127362.58464113831
HU12,113622.70022271715
HU13,128589.57858894035
HU14,212843.24590564653
HU15,154795.53876834715
HU16,141254.39560595324
HU17,145347.7754045875
HU18,113734.43950422978
HU19,78670.2136164897
HU2,86525.70461538462
HU20,166382.38746438746
HU3,54198.56307452977
HU4,88501.5144489972
HU5,75643.59893140296
HU6,92609.31604741281
HU7,101159.63037391899
HU8,76380.30117510518
HU9,66484.73799603852
HX1,83443.12772119966
HX2,103853.37974155898
HX3,122975.8028957529
HX4,135641.76725304464
HX5,112138.88440204127
HX6,125566.93433578538
HX7,138238.69817073172
IG1,199036.68439530497
IG10,284300.7627832364
IG11,179862.4268356491
IG2,212324.20747025122
IG3,196171.90987246102
IG4,251692.1690699351
IG5,243668.8656502242
IG6,222551.28216147024
IG7,340278.1504111322
IG8,297929.61486530775
IG9,295522.6038534521
IP1,132312.56046565506
IP10,263688.34584980237
IP11,149659.35760667903
IP12,215246.01711471705
IP13,234219.02861883037
IP14,163490.8762586251
IP15,300388.6671018277
IP16,153255.4303507047
IP17,209291.75962199311
IP18,276676.12140781403
IP19,172181.1778496362
IP2,123895.35973534972
IP20,165884.7110495847
IP21,190218.82589380158
IP22,175911.78188824662
IP23,202569.0715155204
IP24,129559.12340087406
IP25,146184.01454012623
IP26,151522.92510438414
IP27,119352.74848838443
IP28,179087.05449322937
IP29,249099.65978790485
IP3,145949.1329453605
IP30,218671.43690987123
IP31,208083.97419196265
IP32,166693.50750853244
IP33,180259.14979757086
IP4,144471.38935544825
IP5,177545.544141252
IP6,175434.73625959
IP7,218376.19207076292
IP8,159517.56686735997
IP9,201059.24606345475
KT1,309368.36769287154
KT10,584046.8146415862
KT11,648973.0346599894
KT12,335420.7216134177
KT13,479664.9359927723
KT14,290567.81364275666
KT15,236954.1484742222
KT16,272870.51057094405
KT17,313342.92650653183
KT18,319911.4028542814
KT19,271282.92047752626
KT2,380077.2103541549
KT20,404239.3482199284
KT21,377879.1122362869
KT22,433578.43207405554
KT23,372184.5589028777
KT24,545491.1715388858
KT3,299082.33983097057
KT4,259051.5816072908
KT40,70000.0
KT5,274463.3638578231
KT6,298117.16489450535
KT7,403488.4073940487
KT8,328194.47984071675
KT9,219808.84479812006
L1,182268.53628952077
L10,92199.50914205344
L11,79923.09978809478
L12,111527.00774249673
L13,74622.37337434095
L14,91602.58168083098
L15,115874.02215315962
L16,145451.78819372272
L17,137906.7136962075
L18,172302.3868451464
L19,133551.37852710456
L2,314560.8511764706
L20,68665.79446153846
L21,77570.52893867585
L22,112759.44385964912
L23,162414.69872974962
L24,119152.28648648648
L25,148551.1607535622
L26,109832.39147998531
L27,77216.09922178989
L28,62038.47913446677
L29,218023.7068965517
L3,155725.78743815006
L30,86269.90835343127
L31,132410.57126122608
L32,87923.77643260694
L33,99285.02539859102
L34,129069.44833298819
L35,104597.56073125388
L36,97879.20405953992
L37,202946.4489939167
L38,187402.98407643312
L39,176491.5690189996
L4,57149.821152192606
L40,177499.79261704683
L41,17486.11111111111
L42,31666.666666666668
L43,22999.804347826088
L44,46801.2
L45,90200.0
L46,133333.33333333334
L47,145321.42857142858
L48,94000.0
L5,74918.01148838397
L6,66814.93978932248
L60,184428.57142857142
L61,10000.0
L62,15000.0
L64,150243.75
L65,100000.0
L66,217000.0
L69,2500.0
L7,78185.5624635143
L75,395000.0
L8,639907.7499674436
L9,81635.63081371335
LA1,117720.78094382756
LA10,181126.74579690653
LA11,176217.5871685201
LA12,149984.28877063424
LA13,110113.16153185221
LA14,75066.52774430181
LA15,84995.16111951589
LA16,105654.29555808657
LA17,158441.54947916666
LA18,83879.13787281935
LA19,126425.93632958802
LA2,173803.86833459692
LA20,202250.36434108528
LA21,224618.5886214442
LA22,281481.4961056553
LA23,243443.14621913582
LA3,99636.0924565087
LA4,94769.19646848457
LA5,155371.4947407499
LA6,201896.11237169098
LA7,184849.55607695918
LA8,228745.79443316904
LA9,146733.62950181955
LD1,131668.69481519508
LD2,145236.85354691074
LD3,161237.73399415016
LD4,147076.21757322174
LD5,147665.4296875
LD6,134180.78450363196
LD7,150261.1566731141
LD8,178470.65944482057
LE1,205099.04616225074
LE10,145337.87204439755
LE11,136174.28428311215
LE12,173100.43983429775
LE13,129920.42699571497
LE14,206583.932531156
LE15,214057.92110415036
LE16,194760.98204648678
LE17,213803.09512195122
LE18,119480.90265486726
LE19,156870.07528180355
LE2,142897.95520414907
LE3,119496.87631431909
LE4,111518.46969907568
LE5,125695.02388663968
LE6,155540.78534514582
LE65,185864.9819023569
LE67,136629.81818822204
LE7,193467.23778926517
LE8,172742.66434582553
LE9,148784.88306339842
LL11,116071.77958590629
LL12,151587.85118857265
LL13,129435.52153788022
LL14,102588.26465543336
LL15,148986.36277695716
LL16,125450.91914809702
LL17,156491.1086734694
LL18,96228.64872846595
LL19,104557.49856279115
LL20,143757.76602564103
LL21,130288.73960216998
LL22,120010.90335161486
LL23,124248.03616484441
LL24,146062.0
LL25,125383.60606060606
LL26,123696.67543200601
LL27,143998.02482269504
LL28,143971.47332643712
LL29,114765.50277842094
LL30,134856.7837911588
LL31,152134.1012658228
LL32,146936.4497336884
LL33,114854.1392971246
LL34,109174.66369213609
LL35,193693.234375
LL36,114035.96887686063
LL37,145828.8064516129
LL38,97851.54661016949
LL39,147961.94285714286
LL40,132120.84917617237
LL41,67882.38574181117
LL42,124036.8143767061
LL43,128998.25
LL44,138145.73182957392
LL45,150328.866359447
LL46,121179.46301131419
LL47,115220.60714285714
LL48,99741.76758045291
LL49,124423.96251319957
LL51,127307.15568862275
LL52,155147.9953746531
LL53,155002.13723835247
LL54,100198.88587412587
LL55,111662.6831539133
LL56,129997.7713437268
LL57,125488.95501022495
LL58,175599.70525615435
LL59,153322.32647462277
LL60,116501.1875
LL61,131725.0186157518
LL62,157694.21651785713
LL63,118053.29015544041
LL64,199159.37983425416
LL65,108879.79146221787
LL66,221070.28985507245
LL67,133673.46337817638
LL68,109800.9243697479
LL69,114146.1796875
LL70,195505.35384615386
LL71,121842.79849340866
LL72,140672.15815085158
LL73,180190.10204081633
LL74,145490.7841207349
LL75,131547.58401305057
LL76,154117.67058823528
LL77,127096.12389813908
LL78,158885.98136645963
LN1,135642.55981911285
LN10,171824.5924200062
LN11,130216.50760340632
LN12,100279.56652257445
LN13,128178.2984136486
LN2,131527.37386419956
LN3,139737.8952711067
LN4,128891.58780962984
LN5,116999.2781708672
LN6,129465.46049046321
LN7,141932.60879318079
LN8,140065.9442893401
LN9,135941.32268699774
LR24,1540000.0
LS1,387906.80398406374
LS10,119420.41186822469
LS11,86849.39002436383
LS12,101875.97644625725
LS13,95246.49372472458
LS14,140665.51578734996
LS15,139842.70625692137
LS16,197269.98475330454
LS17,197438.60185522956
LS18,175719.36872505775
LS19,149675.61178614825
LS2,184022.18741058654
LS20,198001.92138096053
LS21,174535.5314174379
LS22,245835.66420118342
LS23,233316.8922934076
LS24,180351.32845010617
LS25,147307.84387241188
LS26,137087.17630236511
LS27,115795.84377231459
LS28,128472.91153865226
LS29,239790.1479101507
LS3,202599.5369595537
LS4,114559.25204691304
LS5,116156.78521225751
LS6,175876.17082721487
LS7,126762.29281553398
LS8,138447.95101113874
LS9,82555.53433973544
LU1,143987.4607164609
LU2,143682.24246006162
LU3,135959.52499585476
LU4,126171.43791308417
LU5,159489.01465328256
LU6,193046.73953397805
LU7,193532.80576112567
M1,242360.31881022203
M11,71281.05158542357
M12,70012.9014510278
M13,104068.46279449499
M14,144121.06869824446
M15,168884.72893666473
M16,135858.06950055086
M17,2515629.1641791044
M18,61795.45181709047
M19,97160.38672768879
M2,2977935.414141414
M20,192717.64374057314
M21,174466.88161311264
M22,123573.0669800235
M23,111391.53877592726
M24,101649.71302957633
M25,130122.00706517424
M26,94904.16526376663
M27,105440.42634648796
M28,148767.91073919108
M29,108437.95782162271
M3,227130.58385665243
M30,104904.92823561947
M31,95064.01467391304
M32,123021.55783421178
M33,175648.63876518983
M34,100438.18085890963
M35,92338.11835122794
M38,61110.47553122988
M4,179572.2138572906
M40,75519.93704280155
M41,147731.17475206117
M43,87304.91852854886
M44,106864.96655610835
M45,132263.1169732002
M46,103654.09021922428
M5,117316.98439531859
M50,181617.80394600207
M6,90997.27746772178
M60,3470977.75
M7,113839.52627154267
M8,84458.52675022928
M9,71111.21106027452
M90,15987999.6
M99,740500.0
ME1,157167.17720530834
ME10,145776.00996311527
ME11,120761.74519572954
ME12,133425.52119715765
ME13,182463.96153846153
ME14,200716.6525621118
ME15,186770.44338109772
ME16,182562.86347046087
ME17,255286.69647812165
ME18,257219.63318948608
ME19,290116.0660155228
ME2,153973.5973353072
ME20,204724.09978158408
ME3,184243.16130215497
ME4,139484.52105752623
ME5,138704.4329712407
ME6,163633.2612228316
ME7,129157.4783347864
ME8,158393.59242244615
ME9,208535.34719815137
MK1,413290.1719745223
MK10,240435.65024274352
MK11,194131.0867248062
MK12,145561.34299191376
MK13,136642.0452728128
MK14,155455.12069573393
MK15,202343.05057955743
MK16,177105.9262346322
MK17,293252.6914285714
MK18,229905.05716004813
MK19,221779.29377534825
MK2,134994.4689193497
MK3,168717.8761308281
MK4,179319.66276243093
MK40,181966.78500153046
MK41,167424.0760045799
MK42,148449.00899082568
MK43,214416.3308154294
MK44,244640.88881578948
MK45,213237.76726981014
MK46,216662.00550314467
MK5,202760.29003372486
MK6,122306.49349732835
MK7,147869.25921065913
MK8,165785.75879467416
MK9,199904.19620646766
N1,457402.4535482799
N10,385342.4149057431
N11,250259.7098798162
N12,300816.93919353356
N13,239579.2455860172
N14,300255.12831729365
N15,214122.6115457243
N16,303731.46207325347
N17,187850.08262316912
N18,161822.75865199137
N19,349299.1322729605
N1C,1292293.6483739838
N2,471255.00641368254
N20,421320.715703366
N21,320169.6853561364
N22,245955.58134441086
N3,364257.94890583225
N4,303639.9875405964
N5,431304.8781550035
N6,592235.4617613577
N7,338217.5523637676
N8,333981.1254646274
N9,160726.31327566755
NE1,272388.56801080453
NE10,90637.31042128603
NE11,123311.43773814967
NE12,139928.82598394103
NE13,171077.32156969616
NE15,96867.65111767186
NE16,126206.40252045519
NE17,79464.99866666667
NE18,252899.3816793893
NE19,191320.6311728395
NE2,192116.74650219388
NE20,301121.7866173896
NE21,109798.1866359447
NE22,99530.72591006424
NE23,103001.75880656889
NE24,91235.3365935268
NE25,132767.1884805502
NE26,151632.588372093
NE27,154567.8773629865
NE28,84631.35201491765
NE29,95964.48224491107
NE3,175747.89877237217
NE30,143574.68843939877
NE31,99384.88090495163
NE32,92150.22763726095
NE33,91766.05884723902
NE34,101169.65917234596
NE35,102263.825
NE36,164011.93854545456
NE37,89567.05926251097
NE38,122400.92039800996
NE39,134330.16928886093
NE4,97776.97958262831
NE40,108547.96155015197
NE41,208329.4244060475
NE42,121974.16822429906
NE43,204738.09140108238
NE44,289439.6
NE45,256047.23668639053
NE46,178749.883800716
NE47,208762.5739299611
NE48,146890.8030619346
NE49,106516.78950777202
NE5,99825.64777432712
NE6,123830.93364681296
NE61,161414.40669957688
NE62,80154.40345584202
NE63,81646.20633855957
NE64,69721.59681093394
NE65,156933.24410698097
NE66,169107.29576697972
NE67,178752.71063394684
NE68,155286.67928730513
NE69,264173.7555555556
NE7,140795.09355783308
NE70,161034.67239101717
NE71,139639.09269356597
NE8,90075.20660548001
NE9,120472.87536691788
NG1,299121.8201076576
NG10,108663.25849124062
NG11,136234.73743481218
NG12,195161.3752773156
NG13,177835.88577704557
NG14,194950.75225771667
NG15,131049.65280025054
NG16,110599.51960563802
NG17,94255.22193954408
NG18,109488.76276921424
NG19,96556.21748548253
NG2,158871.8614862451
NG20,79717.42145507703
NG21,105698.80348125067
NG22,146048.9316482359
NG23,198680.45263157896
NG24,120700.98672245229
NG25,223575.15125827814
NG3,124595.08641910921
NG31,119273.67752692533
NG32,200912.32606371606
NG33,169290.69955050864
NG34,125843.25245532817
NG4,106299.60924687095
NG5,113600.57204544137
NG6,85403.24867355487
NG7,144636.39399516248
NG8,122327.50324956673
NG80,9578875.0
NG9,133729.858449592
NG90,68591328.0
NN1,129303.47301639165
NN10,134792.942968613
NN11,160706.25393032923
NN12,221278.55034471018
NN13,204750.89384271152
NN14,163174.66299911268
NN15,146282.78099652377
NN16,104090.10945273632
NN17,136664.56034333276
NN18,120652.64953363762
NN2,127092.770039918
NN29,151631.94807520142
NN3,132977.00517121775
NN4,164932.17044430136
NN5,138109.12501813608
NN6,217096.10343106676
NN7,215422.24762991574
NN8,116553.51834942933
NN9,135749.0583262891
NP1,87325.0
NP10,158848.51652419142
NP11,87456.93719765032
NP12,101582.07503956801
NP13,57899.38070982583
NP15,224131.13813694267
NP16,198337.13203055252
NP18,164407.3863372093
NP19,100394.60659575551
NP2,90973.33333333333
NP20,120955.3776968493
NP22,72664.65728207905
NP23,75686.74167818781
NP24,51459.8701754386
NP25,201824.45660146698
NP26,152355.65141059467
NP3,37327.77777777778
NP4,102199.71100464986
NP44,112559.80973743238
NP5,218800.0
NP6,282895.0
NP7,176519.940106141
NP8,212760.26385681293
NP9,207253.75
NR1,146695.17438326147
NR10,160958.34676910125
NR11,177791.8932895779
NR12,174780.55919107125
NR13,178868.626621777
NR14,195419.95900046275
NR15,172221.03559396515
NR16,194973.0263813876
NR17,161696.6865585168
NR18,171188.68920676204
NR19,127225.84410476446
NR2,166355.57248436613
NR20,177929.51127244937
NR21,155865.38709283885
NR22,211362.58987341772
NR23,248530.88058748405
NR24,168402.77618621307
NR25,237474.43009779067
NR26,167059.22885032537
NR27,156125.79480589746
NR28,139385.7396394287
NR29,146903.57946087306
NR3,113797.65339187434
NR30,102929.91618044685
NR31,117971.43711748194
NR32,115372.60833006335
NR33,114431.41211025757
NR34,154585.996315475
NR35,156295.43655589124
NR4,206831.20378364652
NR5,137351.71577277684
NR6,143793.6897728293
NR7,149668.67551758135
NR8,150588.6230590062
NR9,187966.93630154978
NW1,620923.3899044106
NW10,278198.00796452555
NW11,535389.2868605817
NW2,318722.24975077144
NW3,699089.1674847665
NW4,310311.5446934682
NW5,435901.5851156973
NW6,419499.62024989864
NW7,402201.8848264955
NW8,690635.4610903038
NW9,257524.6159307185
OL1,80050.79462597893
OL10,104463.78264969354
OL11,113401.79476991981
OL12,98691.0503304833
OL13,85832.13866090713
OL14,103756.10392749244
OL15,111952.92960910588
OL16,99665.00408
OL2,101760.22913589365
OL3,176873.11299774607
OL4,93567.82961095101
OL5,103106.28711406914
OL6,92639.57969359597
OL7,80582.05580791694
OL8,68560.4530589001
OL9,87346.146325695
OX1,321145.24189229397
OX10,277026.3641488162
OX11,204451.1713859193
OX12,236004.2765347633
OX13,331762.60680650687
OX14,222311.3492318506
OX15,278357.9814270601
OX16,163597.22485283934
OX17,259067.3339640492
OX18,226392.1620988725
OX2,393364.20782150916
OX20,299281.38497256226
OX25,310854.3087301587
OX26,178200.82011157981
OX27,251964.24459335973
OX28,202943.28396572827
OX29,281247.40248612117
OX3,248566.18908030007
OX33,280669.9321858864
OX39,280261.5827176357
OX4,211185.4462051307
OX44,325094.9837545126
OX49,342107.68045726727
OX5,236700.5123759791
OX6,129600.0
OX7,274104.35944786423
OX8,231577.41304347827
OX9,254021.09093315684
P05,95166.66666666667
PE1,114802.40280701754
PE10,152944.81838224115
PE11,123873.40726491903
PE12,125938.76932800729
PE13,122657.21500687019
PE14,138717.64816927703
PE15,125529.5049436796
PE16,121761.66278894093
PE17,130897.1
PE18,237500.0
PE19,175389.14244445387
PE2,127125.46303471179
PE20,131748.4809122459
PE21,102339.93164217634
PE22,128855.21381182148
PE23,138188.30602900026
PE24,105316.25512566138
PE25,107779.08522787353
PE26,143048.38044936286
PE27,160636.94544162074
PE28,195415.2095523993
PE29,157666.09303185262
PE3,136519.34478009364
PE30,118096.22631687456
PE31,189107.71979345955
PE32,175844.38035223784
PE33,150829.72708299887
PE34,140596.55879704663
PE36,188553.56916843526
PE37,143781.91214143965
PE38,143685.0268275539
PE4,114340.36672261215
PE5,269293.98623063683
PE6,157133.49575466427
PE7,152533.8296764279
PE8,224512.2668372845
PE9,194785.5203448068
PL1,146932.79198580235
PL10,177231.19637638808
PL11,143248.347558555
PL12,155189.99431105968
PL13,172111.30305739318
PL14,140763.61798063625
PL15,160724.81975999067
PL16,194838.7527405603
PL17,158541.09152114455
PL18,153407.04591406908
PL19,183589.39398017863
PL2,103227.74726445929
PL20,198638.82183441558
PL21,166586.1897054063
PL22,183778.35503875968
PL23,260400.1039223615
PL24,129876.38218840904
PL25,151427.09019998342
PL26,151532.7044409059
PL27,243120.47961527418
PL28,277604.65198555955
PL29,246656.81916329285
PL3,135502.7988837951
PL30,233800.1668899009
PL31,131485.00427224513
PL32,171450.72044728434
PL33,137447.1047409041
PL34,205574.0745140389
PL35,187817.40251572328
PL4,115289.6884352993
PL5,101793.43239695458
PL6,146098.36831832776
PL7,141612.83165728077
PL8,282434.43821172504
PL9,167626.26446341287
PO1,160701.3671513827
PO10,242074.9007380074
PO11,192198.06873659484
PO12,130818.3661650354
PO13,148739.01483129404
PO14,189425.92561714322
PO15,194433.68904315465
PO16,179803.47662894047
PO17,267433.1066213922
PO18,350845.6985280417
PO19,235778.80824937028
PO2,114971.70495618161
PO20,234853.73089102423
PO21,167760.72346014096
PO22,187390.07002332117
PO3,144075.6865850994
PO30,147527.09780088527
PO31,168895.7196361691
PO32,135414.43082311735
PO33,140577.69284728612
PO34,227644.1856287425
PO35,223827.30260047282
PO36,139976.714712472
PO37,156226.60078983515
PO38,165524.52642876309
PO39,186229.37268932618
PO4,143297.90361998498
PO40,160154.95057369815
PO41,239123.30029368575
PO5,140718.49592472333
PO6,168009.39607018465
PO7,185600.443098768
PO8,195486.1497222408
PO9,168921.63074298488
PR1,100679.33735384162
PR2,117728.68991212445
PR25,115354.95481798715
PR26,148259.95527441197
PR3,181818.61462747777
PR4,159339.30703143557
PR5,118572.32207366986
PR6,132859.27308168318
PR7,132945.61720296124
PR8,147208.26215772654
PR9,126118.9874483471
RG1,219919.10317850413
RG10,338369.58372439054
RG11,441237.5
RG12,208300.28458252427
RG13,465750.0
RG14,227160.2848900286
RG16,170485.57142857142
RG17,255805.6641397049
RG18,246791.2883885966
RG19,222086.2894736842
RG2,232837.42773567344
RG20,365143.8842246788
RG21,178668.26562381923
RG22,182978.458656008
RG23,221407.625476897
RG24,206161.53357773705
RG25,315859.4370839937
RG26,224393.49961802902
RG27,324187.08730993595
RG28,248271.8351901652
RG29,375532.35021834064
RG3,78125.0
RG30,170082.12658657107
RG31,209465.54203639645
RG4,274661.56108235044
RG40,306916.76585090626
RG41,278989.8258451315
RG42,250261.92408622307
RG45,306046.7973216973
RG5,224910.63254754184
RG6,216858.83413902318
RG7,306176.5306456412
RG8,384247.0158423493
RG9,466514.8555196305
RH1,231239.38233128833
RH10,217004.29558963582
RH11,164898.44163915323
RH12,248345.23177592954
RH13,254942.6520158446
RH14,312069.4567706842
RH15,205341.17341616363
RH16,245836.54938788322
RH17,363977.3549066405
RH18,326522.21280991734
RH19,252403.57955456845
RH2,329038.6516357903
RH20,316273.47079783113
RH3,404786.8369565217
RH4,283861.6578707916
RH5,363290.67811874585
RH6,241824.06863073318
RH7,297144.56027938053
RH8,396309.32207498385
RH9,266878.4973958333
RM1,210968.82634126663
RM10,151021.62494847062
RM11,269281.9194218053
RM12,205508.6991671124
RM13,180055.77255967396
RM14,286530.2420642843
RM15,149757.56178222952
RM16,183106.35346090014
RM17,133842.395069998
RM18,120779.16608362485
RM19,142023.54960451977
RM2,252660.92107404393
RM20,167693.46040515654
RM3,187970.48719184686
RM4,355120.6812773951
RM5,191203.86901387438
RM6,179383.18130489334
RM7,182796.6177861102
RM8,156931.4018172261
RM9,157876.20172213623
S032,184116.66666666666
S1,339345.64928511356
S10,186366.46074730565
S11,191760.89745098038
S12,98514.72770448549
S13,96161.13252118645
S14,65430.10183299389
S17,228364.23701109164
S18,155943.9567104264
S2,113835.81405660378
S20,110120.92273714699
S21,111563.05123966942
S25,104772.09597452809
S26,118892.63390069493
S3,187670.9532508348
S30,126746.42857142857
S31,145937.5
S32,274320.8922866271
S33,223744.84486607142
S35,129643.32049651831
S36,129745.84960921432
S4,84705.30092470278
S40,132057.82405757857
S41,115092.21707811735
S42,140257.68604199067
S43,106746.95135347194
S44,100693.57170196479
S45,119159.41649356045
S5,74315.4742745098
S6,117536.14724268366
S60,124213.43581279342
S61,88664.67008277493
S62,90060.46267021443
S63,90152.18064265857
S64,86705.90685509774
S65,88729.23486115757
S66,109934.00558479218
S7,161817.40412714687
S70,86791.11163028868
S71,92027.74193972028
S72,89422.83322751323
S73,94734.72439261418
S74,93081.34778940263
S75,123881.80804397518
S8,118508.86624675806
S80,97320.4364428069
S81,114667.1920207385
S9,89275.31057139505
SA1,109458.56627729812
SA10,103607.24107979222
SA11,79752.27617896009
SA12,84869.40839402069
SA13,84008.76913137114
SA14,109232.85228836889
SA15,92633.375622081
SA16,103177.03459588428
SA17,111578.25338753387
SA18,97658.43986117997
SA19,157738.99714285714
SA2,139590.7463315313
SA20,133520.23626943005
SA3,201537.17932304455
SA31,119239.19352905931
SA32,175817.48912437257
SA33,151172.6165434906
SA34,149122.2433019551
SA35,150840.71649484537
SA36,121539.96551724138
SA37,162305.6732394366
SA38,144166.0477489768
SA39,134740.3777777778
SA4,116817.83731432613
SA40,125205.72639225182
SA41,147378.77608142493
SA42,211398.9019165727
SA43,136049.66414244781
SA44,145861.4615166146
SA45,152269.30361445784
SA46,145658.3314339981
SA47,136496.84523809524
SA48,142619.76987281398
SA5,82097.67731908694
SA6,89984.14448092952
SA61,114938.72632994046
SA62,160286.52434782608
SA63,164379.57993730408
SA64,111812.75302663438
SA65,127141.33894080998
SA66,149561.24707412225
SA67,153162.53962703963
SA68,142350.36524590163
SA69,165997.3606060606
SA7,107141.50995559375
SA70,165377.49284725427
SA71,130205.61819143311
SA72,104407.87166212534
SA73,110034.03717967708
SA8,106244.52995066949
SA9,87865.65639244628
SE1,530727.7310074992
SE10,391991.2285379813
SE11,347907.8615191688
SE12,214457.47143259217
SE13,248044.4270630446
SE14,215847.36533459448
SE15,273420.97586618876
SE16,282564.3692068278
SE17,341812.17632202053
SE18,199046.55951503236
SE19,216275.48898869893
SE2,160181.57943925232
SE20,183166.5045255202
SE21,423540.9276337933
SE22,316821.5065406479
SE23,243598.36827269747
SE24,349720.4519744559
SE25,162988.76509171116
SE26,226084.3966511777
SE27,248059.6767417435
SE28,155625.25798319327
SE3,331153.1997343958
SE4,238132.04659236252
SE5,282661.4367078943
SE6,196048.6658155449
SE7,262442.2508207485
SE8,270538.87064835517
SE9,219299.5778529085
SG1,180292.93501204293
SG10,442948.78008298756
SG11,298080.15395601257
SG12,228690.3037723785
SG13,272234.8574650913
SG14,255756.2586074245
SG15,157734.3887668654
SG16,221860.50718232043
SG17,205407.43756210667
SG18,183736.83981238006
SG19,175480.87798634812
SG2,167260.12238010656
SG3,262467.69474835886
SG4,241754.56555639667
SG5,230382.58458875568
SG6,199956.35213757635
SG7,201000.43355152992
SG8,235974.75770696223
SG9,298447.5635241541
SK1,111267.05433056976
SK10,222939.99933788326
SK11,149652.573210882
SK12,204901.02280332136
SK13,133982.1439576312
SK14,109807.73383818698
SK15,117252.75252242152
SK16,97399.28067940552
SK17,148835.9377297794
SK2,131232.7703218767
SK22,137241.3339185393
SK23,158567.6496359528
SK3,107435.9625949737
SK4,171356.73384880822
SK5,93246.01027587484
SK6,160948.17945179404
SK7,212370.23224462956
SK8,185451.7565860918
SK9,274140.8881426363
SL0,309495.42453043675
SL1,190587.889873838
SL2,235459.15035706316
SL3,233704.95526735176
SL4,329189.08112591365
SL5,499882.8020789672
SL6,326027.2656322641
SL7,382872.468251518
SL8,353561.3028169014
SL9,549026.8542234333
SM1,207013.1101214575
SM2,246899.38330483247
SM3,238928.26568435592
SM4,213358.83142657016
SM5,215443.9142215008
SM6,207355.8126413595
SM7,326413.19594834733
SN1,143426.6734254827
SN10,192626.96399461335
SN11,169892.30541601256
SN12,164096.5476770694
SN13,218958.6102981778
SN14,202379.3755335427
SN15,190358.97118654547
SN16,260324.33944812702
SN2,122091.6162653386
SN25,171115.06164465548
SN26,264100.99689440994
SN3,155105.35684484366
SN38,4700000.0
SN4,199650.1353451096
SN5,149151.8483625884
SN6,212266.63397683398
SN7,231727.65428183053
SN8,303175.88110381615
SN9,259960.4627795075
SO14,193301.3200702165
SO15,156910.31728880157
SO16,164441.30893089704
SO17,174731.0251565036
SO18,140365.36683931583
SO19,131574.9083386924
SO20,388640.3965517241
SO21,350866.9895013123
SO22,318919.8860782043
SO23,312762.89576873975
SO24,352595.4389622423
SO30,191636.78836396438
SO31,217241.21136276718
SO32,302279.15242675017
SO40,179152.0938107825
SO41,286094.864304704
SO42,485581.57093933463
SO43,339158.15799708315
SO45,182565.5821094793
SO50,181823.30060408922
SO51,267312.3343245198
SO52,198959.47718120806
SO53,222110.79514575098
SO57,560000.0
SP1,209500.22251667734
SP10,162400.06140927714
SP11,282126.6283269068
SP2,184347.42774566475
SP3,276739.894590202
SP4,199348.27875260598
SP5,296469.12141008256
SP6,256423.9150566821
SP7,212738.4009473391
SP8,171506.27916385705
SP9,156736.73044344794
SR1,134843.36673346694
SR2,103402.6584979641
SR3,104067.7299825736
SR4,86515.2993006034
SR5,81615.66685317816
SR6,131598.8501087294
SR7,96815.18647594278
SR8,71623.51849345963
SS0,146717.03862920805
SS1,177940.84306972512
SS11,191649.9771531254
SS12,171384.2016453382
SS13,127048.47536916716
SS14,212947.24323432342
SS15,165812.65428211587
SS16,153427.94531490016
SS17,170517.43481433435
SS2,143342.44680234243
SS3,162190.89203084834
SS4,178461.932176821
SS5,225547.49761688607
SS6,201759.88392916362
SS7,195979.8830298088
SS8,146066.66503325166
SS9,195199.99550994227
SS99,2048069.0
ST1,77063.78043361164
ST10,130769.84434010411
ST11,145240.75862068965
ST12,213542.20700152207
ST13,123185.7408147963
ST14,144150.3266810296
ST15,160605.45282477775
ST16,122466.04304820285
ST17,143269.16873889876
ST18,208777.0506208214
ST19,180934.80865558004
ST2,87938.3042355978
ST20,176654.99775617055
ST21,207461.8725701944
ST3,89118.19010669253
ST4,91356.39207146845
ST5,118979.84274436341
ST6,76714.74875351453
ST7,122171.83961813843
ST8,113418.06639108105
ST9,158053.71185166624
SW1,3300000.0
SW10,767204.5089497111
SW11,472756.7571105646
SW12,401692.9299632252
SW13,667742.6908200735
SW14,498447.0400260332
SW15,417396.6243306845
SW16,242028.08945956975
SW17,311498.84340097266
SW18,405099.57134144724
SW19,404387.7802357699
SW1A,4055043.398950131
SW1E,1364208.5140324964
SW1H,1622907.7146433042
SW1P,726646.289686976
SW1V,497783.0434165145
SW1W,1527625.0002211411
SW1X,1763799.1057462092
SW1Y,2354589.558303887
SW2,276877.61732029245
SW20,377188.28566489177
SW3,1076456.426369279
SW4,407471.2818103262
SW5,621986.1878121878
SW6,572977.7723701634
SW7,1130391.386957245
SW8,464212.7984496124
SW9,310912.971289898
SY1,135988.34202717477
SY10,173952.0856539274
SY11,124651.28258451006
SY12,155328.2680072029
SY13,162349.58229709853
SY14,241712.89137684612
SY15,161335.31343283583
SY16,118804.23597756411
SY17,141394.6633249791
SY18,114446.1958836054
SY19,133267.90577507598
SY2,158942.7719159064
SY20,121902.91834862385
SY21,143144.63751707983
SY22,147545.21831955924
SY23,150449.41962292235
SY24,138694.0826140567
SY25,130785.66159052454
SY3,160418.02651808594
SY4,184064.76162601626
SY5,196188.54011004925
SY6,246354.6455128205
SY7,202344.5849005911
SY8,175688.58963486453
SY9,178563.39956092206
TA1,158011.3897158322
TA10,209302.30435871743
TA11,210602.46620104765
TA12,167058.06611295682
TA13,214926.6528340081
TA14,196870.72944693573
TA15,199851.9311594203
TA16,175055.86561743342
TA17,275913.2044025157
TA18,158593.74774774775
TA19,186296.3304186985
TA2,161188.6217030343
TA20,157325.0955186198
TA21,167126.4821579392
TA22,224431.06543624162
TA23,154484.3854918344
TA24,185107.92152898133
TA3,242400.25816993465
TA4,207712.25923320436
TA5,196670.0360986547
TA6,126217.99244135534
TA7,190419.15834386853
TA8,143910.1321160043
TA9,159761.33778213937
TD12,158217.65300546447
TD15,121833.96813467609
TD5,36000.0
TD9,122136.08695652174
TF1,122511.20926820321
TF10,169710.36898807233
TF11,194543.33238434163
TF12,143399.13715710724
TF13,235240.09382518043
TF2,119379.91960490122
TF3,98060.16284101599
TF4,119120.94810112484
TF5,143892.2050508858
TF6,213778.38702928871
TF7,93401.92715033657
TF8,172714.05740987984
TF9,163579.51537667698
TH22,183500.0
TN1,240692.58250174054
TN10,258050.078050884
TN11,375120.7266900972
TN12,261468.98898095157
TN13,395245.1734058416
TN14,378516.9291525424
TN15,358756.36056932
TN16,275088.756404285
TN17,324447.70926657884
TN18,270601.82324899157
TN19,288905.8739229025
TN2,276500.73811693245
TN20,362980.4002624672
TN21,230413.7010569853
TN22,251589.27096724825
TN23,155193.19044420993
TN24,174495.17366514623
TN25,254773.2836325787
TN26,279545.3601286174
TN27,299647.87875690043
TN28,176007.08091332298
TN29,164424.49288464757
TN3,397514.87840156903
TN30,263526.52187226596
TN31,229082.54082824875
TN32,260106.4219679634
TN33,244006.7674709562
TN34,138243.33204966088
TN35,164220.34701754386
TN36,219866.9296875
TN37,123977.63741283963
TN38,133367.25837169704
TN39,187972.75034960784
TN4,254475.92560103963
TN40,135669.85173548773
TN5,318968.73338649655
TN6,248750.76042988914
TN7,465037.8885754584
TN8,304593.5057877183
TN9,228137.67835536634
TQ1,151450.35775715465
TQ10,211176.74353598882
TQ11,156602.02369942196
TQ12,158998.81563752712
TQ13,218540.4641152634
TQ14,186408.45517182714
TQ19,440000.0
TQ2,146537.9951399363
TQ3,137078.95763650138
TQ4,153550.66383126465
TQ5,158873.47519426182
TQ6,265761.99421338155
TQ7,245160.80705435653
TQ8,425508.45972021227
TQ9,230979.92299627213
TR1,193929.3435943866
TR10,156653.56316202434
TR11,211281.0502343389
TR12,223978.47111609648
TR13,159020.3586595886
TR14,124685.71437902398
TR15,124781.03253750264
TR16,149218.6911254338
TR17,194166.37837837837
TR18,145163.2340048705
TR19,174300.48082924655
TR2,250414.07784067933
TR20,191621.20433518372
TR21,263225.0272904484
TR22,355000.0
TR23,506350.0
TR24,60000.0
TR25,365250.0
TR26,222946.96648116992
TR27,160439.6738393515
TR3,236645.06720336017
TR4,173087.88347964885
TR5,227035.68514644352
TR6,187951.75058493216
TR7,173148.78521804637
TR8,202446.11159737417
TR9,148424.37176025918
TS1,51028.540931989926
TS10,101775.6364790252
TS11,104555.35552473417
TS12,104241.73031227
TS13,90405.57659167066
TS14,134391.9574044586
TS15,187083.84365197291
TS16,156571.7748240813
TS17,123816.08432651225
TS18,105222.45803266237
TS19,89210.68743417322
TS2,89782.10425531915
TS20,90981.93841090739
TS21,137794.13566616765
TS22,218520.42521859182
TS23,83676.09705909132
TS24,67336.2429789368
TS25,82967.76171303075
TS26,104128.62491976321
TS27,98183.19489737196
TS28,84066.64154786151
TS29,72039.79318978467
TS3,58370.23322457086
TS4,95436.48463260737
TS5,104124.54998762683
TS6,80206.29523042866
TS7,146208.04296314027
TS8,123713.91011235955
TS9,192726.83651762852
TW1,424486.8188186293
TW10,545821.7152106995
TW11,399034.2790065398
TW12,324211.9035352151
TW13,185976.6519888562
TW14,180853.35462726364
TW15,222993.4691935484
TW16,275288.01125743415
TW17,281305.89420335763
TW18,263065.4466164233
TW19,224077.12475950865
TW2,299716.07172786025
TW20,286619.5052895323
TW3,221556.88613547978
TW4,190106.6551602677
TW5,224370.2935169426
TW6,39272852.46666667
TW7,268453.21968401613
TW8,360029.0995375468
TW9,512971.1320215271
UB1,184484.7881576929
UB10,289788.46322202164
UB11,16178251.5625
UB2,244363.51201641266
UB3,223132.32518014146
UB4,180432.2234311547
UB5,177734.0060622761
UB6,222103.67555196554
UB7,212907.77816930952
UB8,245086.0164830991
UB9,298706.7948387097
UNKNOWN,160000.0
W10,458410.897260274
W11,939935.4217180464
W12,393166.83536270383
W13,335232.7062995729
W14,561919.1531507146
W15,415000.0
W1A,65455000.0
W1B,1978329.7857142857
W1C,20415192.260869566
W1D,3181173.761904762
W1F,2668626.9329758715
W1G,1235230.5754285713
W1H,690194.4851962359
W1J,2384990.5996884736
W1K,1985661.4081156717
W1M,198031.25
W1N,445822.14545454545
W1P,246606.66666666666
W1R,288316.6666666667
W1S,7381807.143884892
W1T,1625954.4902228285
W1U,1363788.586619263
W1V,3516100.0
W1W,1010398.7136514983
W1X,855416.6666666666
W1Y,727360.625
W2,619620.414090719
W3,342717.1903578529
W4,499129.9131950497
W5,421285.2390459029
W6,531116.7214861357
W7,257897.19915619906
W8,1294624.9407705076
W9,426764.39097952406
WA1,131018.58066173448
WA10,102011.60929319372
WA11,105039.81654381655
WA12,107779.984347647
WA13,239515.69357884798
WA14,299495.3574652241
WA15,279047.21953145566
WA16,286129.1557806807
WA2,113425.2595683886
WA3,130832.6441356075
WA4,187173.11361151605
WA5,129711.80391926318
WA6,187162.81163734777
WA7,107063.57674418605
WA8,122355.46080210507
WA9,102907.11736504576
WC1A,1763674.6856287424
WC1B,1535888.415467626
WC1E,586997.2279693487
WC1H,377817.0297684675
WC1N,596589.5317997293
WC1R,707353.3742138365
WC1V,3386631.3105590064
WC1X,578508.422363847
WC2A,5482643.935483871
WC2B,1143892.9625187407
WC2E,1985480.6147859923
WC2H,1352797.956521739
WC2N,1100340.0324786324
WC2R,2599867.4768907563
WD1,158670.8536585366
WD17,310294.567698915
WD18,194937.84375733856
WD19,224368.4621477252
WD2,295244.44444444444
WD23,308527.9642245806
WD24,189057.70422413794
WD25,236428.36646069345
WD3,356922.6302708444
WD4,332827.0675048356
WD5,227402.62156521739
WD6,257417.8976871815
WD7,477255.32527247956
WF1,123760.87746679672
WF10,106516.15415382953
WF11,97751.72631380675
WF12,104204.28134909195
WF13,87821.70416337583
WF14,131839.48634140522
WF15,109841.98763961281
WF16,91235.00265903048
WF17,98561.44450250056
WF2,132394.1086672215
WF3,123962.35320769584
WF4,127304.83100686499
WF5,118963.33462862218
WF6,111188.1982529854
WF7,115156.02720239581
WF8,124061.9883305549
WF9,89083.37472204289
WN1,114260.38796248045
WN2,91110.4486879847
WN3,99633.40005121201
WN4,99297.02888384568
WN5,117958.96694330148
WN6,123108.01204214751
WN7,86971.44798376871
WN8,110921.24319977623
WR1,155539.33479143883
WR10,207831.61262959472
WR11,177136.068063598
WR12,319233.6604046243
WR13,273228.5975308642
WR14,200137.07753134042
WR15,195981.33167749332
WR2,166331.2488922331
WR3,166021.77825393662
WR4,125899.71756185878
WR5,159927.75345522157
WR6,268607.202247191
WR7,278312.011311054
WR8,240123.55033557047
WR9,185628.4570468389
WS1,222582.86507406912
WS10,96585.73654999552
WS11,123743.10718853927
WS12,114908.32982759768
WS13,195832.81838297873
WS14,208725.5880319149
WS15,143654.2985988301
WS2,84634.40035109459
WS3,106829.38193003791
WS4,125541.34468594899
WS5,154508.47621082622
WS6,128318.15768288415
WS7,134536.79497116077
WS8,120533.50553769204
WS9,162556.5449510434
WV1,113309.76836492891
WV10,104141.18040242558
WV11,110012.8288826055
WV12,103976.43462390822
WV13,101552.30707395499
WV14,94940.86140350877
WV15,172946.1958517511
WV16,176654.1953555878
WV2,90303.00424328147
WV3,127411.65752631071
WV4,128469.62144566778
WV5,179213.04917084458
WV6,144416.14882370026
WV7,168822.19599764567
WV8,170558.23726655348
WV9,119294.00256128797
Y023,27500.0
Y031,87333.33333333333
YO1,299420.8639169473
YO10,159846.8998759525
YO11,109355.17398675924
YO12,109989.08570290325
YO13,183105.69549046954
YO14,122969.2115960912
YO15,109305.20660541346
YO16,101613.63772153859
YO17,157447.98767967147
YO18,171275.06762028608
YO19,206362.05122711335
YO2,328615.3846153846
YO21,159181.09825069053
YO22,159569.105464358
YO23,189924.90088377838
YO24,160664.7493564757
YO25,131789.33377571334
YO26,179444.251216276
YO3,123045.0
YO30,163083.3461821934
YO31,155331.91440787967
YO32,175065.13473615528
YO4,205832.33333333334
YO41,199207.32583586627
YO42,173003.20929635337
YO43,149739.89359183068
YO5,288333.3333333333
YO51,200192.40862130388
YO6,195132.95238095237
YO60,242666.53145998777
YO61,230532.3871824672
YO62,205794.06382978722
YO7,177118.37879518073
YO8,139514.81745647968
YO90,18783333.333333332
YO91,150000.0
