LADC,index,index_scaled,PC,PC_O,PC_1
E01000001,"29,111",9,EC1M 6AD,EC1M,6AD
E01000001,"29,111",9,EC2Y 5AA,EC2Y,5AA
E01000001,"29,111",9,EC2V 7QL,EC2V,7QL
E01000001,"29,111",9,EC1A 7LE,EC1A,7LE
E01000002,"28,855",9,EC2A 1JT,EC2A,1JT
E01000002,"28,855",9,EC2P 2NA,EC2P,2NA
E01000002,"28,855",9,EC2R 5BG,EC2R,5BG
E01000002,"28,855",9,EC1Y 4UB,EC1Y,4UB
E01000002,"28,855",9,EC2M 6TE,EC2M,6TE
E01000005,"10,285",4,E1   7DJ,E1,  7DJ
E01000005,"10,285",4,EC3A 5DJ,EC3A,5DJ
E01000005,"10,285",4,EC3N 1DL,EC3N,1DL
E01000006,"12,345",4,IG11 9XD,IG11,9XD
E01000013,"4,416",2,RM10 8DP,RM10,8DP
E01000013,"4,416",2,RM9  5AF,RM9, 5AF
E01000019,"6,307",2,RM8  3UR,RM8, 3UR
E01000027,"3,924",2,RM5  2BY,RM5, 2BY
E01000027,"3,924",2,RM6  5QA,RM6, 5QA
E01000034,"5,459",2,RM7  0DR,RM7, 0DR
E01000039,"11,760",4,RM12 4PD,RM12,4PD
E01000112,"11,942",4,RM1  1HA,RM1, 1HA
E01000115,"30,400",10,EN4  8LH,EN4, 8LH
E01000115,"30,400",10,N14  5JT,N14, 5JT
E01000117,"22,710",7,N20  0BD,N20, 0BD
E01000118,"22,055",7,N11  1EL,N11, 1EL
E01000125,"7,128",3,HA8  0AA,HA8, 0AA
E01000126,"5,985",2,NW9  5BF,NW9, 5BF
E01000133,"5,930",2,NW7  2AE,NW7, 2AE
E01000135,"20,498",7,NW11 8AL,NW11,8AL
E01000135,"20,498",7,NW2  2BR,NW2, 2BR
E01000135,"20,498",7,NW4  3NZ,NW4, 3NZ
E01000136,"24,951",8,NW3  7UN,NW3, 7UN
E01000156,"22,939",7,N10  1AB,N10, 1AB
E01000159,"15,037",5,N12  9AL,N12, 9AL
E01000168,"28,143",9,EN5  3LZ,EN5, 3LZ
E01000172,"24,913",8,EN6  1PU,EN6, 1PU
E01000176,"7,785",3,N2   0FD,N2,  0FD
E01000182,"25,290",8,N6   4TB,N6,  4TB
E01000184,"6,367",2,N3   2AY,N3,  2AY
E01000188,"25,991",8,HA7  4LS,HA7, 4LS
E01000211,"16,409",5,NW6  5RR,NW6, 5RR
E01000290,"11,173",4,WD6  2RN,WD6, 2RN
E01000325,"30,315",10,DA7  6HB,DA7, 6HB
E01000326,"22,437",7,DA1  4RA,DA1, 4RA
E01000329,"16,736",6,DA6  7LE,DA6, 7LE
E01000331,"10,606",4,DA5  1PF,DA5, 1PF
E01000332,"17,572",6,DA17 5EA,DA17,5EA
E01000334,"20,134",7,SE2  0DN,SE2, 0DN
E01000339,"20,245",7,DA15 8DA,DA15,8DA
E01000339,"20,245",7,SE9  2EZ,SE9, 2EZ
E01000355,"26,104",8,DA8  3LP,DA8, 3LP
E01000366,"24,361",8,DA16 1BA,DA16,1BA
E01000381,"9,838",3,DA14 4RP,DA14,4RP
E01000418,"13,088",4,DA18 4BS,DA18,4BS
E01000467,"13,195",5,SE28 8HS,SE28,8HS
E01000471,"12,708",4,HA0  1LW,HA0, 1LW
E01000472,"9,940",4,UB6  7HD,UB6, 7HD
E01000477,"10,092",4,NW10 7NN,NW10,7NN
E01000479,"17,361",6,HA9  9DZ,HA9, 9DZ
E01000484,"4,067",2,HA3  9DR,HA3, 9DR
E01000525,"4,308",2,NW26 9GA,NW26,9GA
E01000544,"4,326",2,W9   2EX,W9,  2EX
E01000550,"5,037",2,N8   0ZW,N8,  0ZW
E01000550,"5,037",2,NW8  7WA,NW8, 7WA
E01000562,"22,052",7,HA1  3SH,HA1, 3SH
E01000583,"13,504",5,W10  4BQ,W10, 4BQ
E01000645,"31,974",10,BR1  2AA,BR1, 2AA
E01000645,"31,974",10,BR7  5LB,BR7, 5LB
E01000648,"28,427",9,BR2  9QZ,BR2, 9QZ
E01000654,"25,924",8,TN16 2NN,TN16,2NN
E01000656,"28,095",9,CR3  9PP,CR3, 9PP
E01000656,"28,095",9,CR6  9PP,CR6, 9PP
E01000667,"29,178",9,BR6  8NF,BR6, 8NF
E01000673,"25,303",8,BR3  2HA,BR3, 2HA
E01000680,"25,936",8,BR5  4HB,BR5, 4HB
E01000699,"12,765",4,SE20 7ST,SE20,7ST
E01000710,"22,202",7,SE26 5BQ,SE26,5BQ
E01000720,"2,453",1,BR8  7QJ,BR8, 7QJ
E01000740,"7,472",3,SE19 2AH,SE19,2AH
E01000748,"19,725",7,TN14 7NQ,TN14,7NQ
E01000759,"26,812",9,BR4  9BF,BR4, 9BF
E01000779,"15,467",5,SE12 9AP,SE12,9AP
E01000839,"31,539",10,CR0  5AD,CR0, 5AD
E01000850,"15,786",5,W1A  1BZ,W1A, 1BZ
E01000850,"15,786",5,W1P  1HN,W1P, 1HN
E01000850,"15,786",5,W1T  1AD,W1T, 1AD
E01000850,"15,786",5,WC1B 3EF,WC1B,3EF
E01000850,"15,786",5,WC1E 6EQ,WC1E,6EQ
E01000850,"15,786",5,WC1H 0AD,WC1H,0AD
E01000851,"18,390",6,NW1  3HJ,NW1, 3HJ
E01000852,"14,834",5,WC1N 1JS,WC1N,1JS
E01000854,"13,893",5,W1N  0BS,W1N, 0BS
E01000855,"16,377",5,WC1A 1JA,WC1A,1JA
E01000864,"10,648",4,N7   9QU,N7,  9QU
E01000865,"16,639",6,NW5  2AN,NW5, 2AN
E01000907,"5,950",2,N19  5BP,N19, 5BP
E01000914,"16,853",6,EC1N 7UD,EC1N,7UD
E01000914,"16,853",6,EC4A 1NB,EC4A,1NB
E01000914,"16,853",6,WC2A 3TA,WC2A,3TA
E01000914,"16,853",6,WC2B 6AA,WC2B,6AA
E01000914,"16,853",6,WC1V 6HE,WC1V,6HE
E01000914,"16,853",6,WC1X 8RJ,WC1X,8RJ
E01000914,"16,853",6,WC1R 4GB,WC1R,4GB
E01000916,"11,323",4,EC1R 3DL,EC1R,3DL
E01000918,"9,145",3,WC2E 7WB,WC2E,7WB
E01000918,"9,145",3,WC2H 7TG,WC2H,7TG
E01000918,"9,145",3,WC2N 6EL,WC2N,6EL
E01000918,"9,145",3,WC2R 1HD,WC2R,1HD
E01000918,"9,145",3,WC99 0LF,WC99,0LF
E01000938,"4,996",2,CM23 3WE,CM23,3WE
E01000938,"4,996",2,N1   9NL,N1,  9NL
E01000945,"9,047",3,NW1W 7QP,NW1W,7QP
E01000953,"2,502",1,N1C  4DD,N1C, 4DD
E01000975,"13,468",5,CR2  0BQ,CR2, 0BQ
E01000975,"13,468",5,CR9  1AX,CR9, 1AX
E01000975,"13,468",5,CR90 9AF,CR90,9AF
E01000975,"13,468",5,CR7  6UA,CR7, 6UA
E01000975,"13,468",5,CR8  1ZB,CR8, 1ZB
E01000981,"17,600",6,SE25 5EZ,SE25,5EZ
E01000994,"13,229",5,CR4  7NG,CR4, 7NG
E01000994,"13,229",5,SW16 4RQ,SW16,4RQ
E01001015,"10,819",4,CR5  1DQ,CR5, 1DQ
E01001195,"19,170",6,W3   0JZ,W3,  0JZ
E01001204,"21,895",7,W13  0EF,W13, 0EF
E01001205,"6,386",2,W7   1DB,W7,  1DB
E01001207,"19,303",6,W11  1WR,W11, 1WR
E01001207,"19,303",6,W12  7XQ,W12, 7XQ
E01001208,"24,242",8,W5   1ND,W5,  1ND
E01001213,"6,951",3,UB1  2QJ,UB1, 2QJ
E01001234,"11,552",4,W4   4HX,W4,  4HX
E01001248,"15,861",5,UB2  4RY,UB2, 4RY
E01001257,"3,720",2,UB5  6BH,UB5, 6BH
E01001301,"14,407",5,TW8  9QN,TW8, 9QN
E01001316,"6,082",2,HA2  8BA,HA2, 8BA
E01001324,"6,893",3,UB7  8PQ,UB7, 8PQ
E01001358,"1,789",1,W2   3AD,W2,  3AD
E01001370,"8,449",3,UB18 7AT,UB18,7AT
E01001391,"9,821",3,N13  4NA,N13, 4NA
E01001391,"9,821",3,N22  4QS,N22, 4QS
E01001395,"6,122",2,N18  1ZH,N18, 1ZH
E01001398,"25,915",8,EN1  2SE,EN1, 2SE
E01001399,"22,511",7,N9   9JN,N9,  9JN
E01001400,"23,265",8,N21  2JN,N21, 2JN
E01001404,"13,056",4,N4   3SZ,N4,  3SZ
E01001407,"15,221",5,EN2  9AA,EN2, 9AA
E01001412,"8,522",3,EN7  5HR,EN7, 5HR
E01001412,"8,522",3,EN8  8EX,EN8, 8EX
E01001433,"4,793",2,EN3  5DQ,EN3, 5DQ
E01001445,"7,386",3,EN9  1AL,EN9, 1AL
E01001506,"4,451",2,E4   7XB,E4,  7XB
E01001559,"3,068",1,N17  0RY,N17, 0RY
E01001580,"22,698",7,SE3  7YU,SE3, 7YU
E01001585,"24,243",8,SE10 0JX,SE10,0JX
E01001588,"5,639",2,SE18 4BL,SE18,4BL
E01001588,"5,639",2,SE7  8DY,SE7, 8DY
E01001638,"8,030",3,SE13 7RG,SE13,7RG
E01001644,"16,321",5,SE8  4HH,SE8, 4HH
E01001719,"6,112",2,N5   2LA,N5,  2LA
E01001722,"5,874",2,E5   8BW,E5,  8BW
E01001722,"5,874",2,N16  7ED,N16, 7ED
E01001729,"2,673",1,E9   5SA,E9,  5SA
E01001731,"5,973",2,E8   3RA,E8,  3RA
E01001754,"5,907",2,E2   8AS,E2,  8AS
E01001779,"8,460",3,EC1V 1JN,EC1V,1JN
E01001786,"1,991",1,E15  2FB,E15, 2FB
E01001807,"7,878",3,N15  6PZ,N15, 6PZ
E01001846,"1,862",1,E20  3HY,E20, 3HY
E01001851,"21,600",7,W14  0GG,W14, 0GG
E01001853,"16,527",6,W6   7RP,W6,  7RP
E01001879,"9,937",4,SW6  7HA,SW6, 7HA
E01001897,"18,913",6,SW1P 3BG,SW1P,3BG
E01001920,"6,851",3,SW10 0SY,SW10,0SY
E01001935,"14,900",5,SW18 4SB,SW18,4SB
E01002030,"9,297",3,N81  1AA,N81, 1AA
E01002144,"20,613",7,HA5  4AL,HA5, 4AL
E01002214,"15,798",5,HA4  0RH,HA4, 0RH
E01002225,"28,641",9,WD2  1NT,WD2, 1NT
E01002225,"28,641",9,WD23 1NT,WD23,1NT
E01002249,"14,796",5,RM2  6BJ,RM2, 6BJ
E01002249,"14,796",5,RM4  1UY,RM4, 1UY
E01002249,"14,796",5,RM50 2BB,RM50,2BB
E01002252,"24,888",8,RM14 1JN,RM14,1JN
E01002255,"21,711",7,RM11 3JP,RM11,3JP
E01002260,"17,869",6,RM13 7LL,RM13,7LL
E01002268,"19,741",7,RM3  0TH,RM3, 0TH
E01002277,"5,830",2,CM14 5NG,CM14,5NG
E01002296,"17,513",6,CM13 3JA,CM13,3JA
E01002344,"15,318",5,RM15 4UT,RM15,4UT
E01002392,"4,871",2,UB4  0AL,UB4, 0AL
E01002400,"9,038",3,UB3  2TA,UB3, 2TA
E01002400,"9,038",3,UB8  3BS,UB8, 3BS
E01002405,"9,755",3,UB11 1BN,UB11,1BN
E01002408,"7,876",3,UB10 0SX,UB10,0SX
E01002438,"22,884",7,UB9  6BG,UB9, 6BG
E01002438,"22,884",7,WD3  2UR,WD3, 2UR
E01002443,"15,017",5,TW14 0PN,TW14,0PN
E01002443,"15,017",5,TW5  9RZ,TW5, 9RZ
E01002443,"15,017",5,TW6  2HB,TW6, 2HB
E01002444,"12,764",4,TW19 6BP,TW19,6BP
E01002472,"23,228",8,HA6  2GD,HA6, 2GD
E01002583,"10,593",4,TW4  6LE,TW4, 6LE
E01002596,"10,845",4,TW13 4SS,TW13,4SS
E01002601,"16,699",6,TW15 1AT,TW15,1AT
E01002621,"11,187",4,SW13 9HB,SW13,9HB
E01002621,"11,187",4,TW3  3DU,TW3, 3DU
E01002639,"17,929",6,TW7  4AY,TW7, 4AY
E01002671,"15,863",5,TW1  1JL,TW1, 1JL
E01002672,"10,313",4,TW2  5JG,TW2, 5JG
E01002726,"8,742",3,EC1P 1AA,EC1P,1AA
E01002726,"8,742",3,EC3M 7AU,EC3M,7AU
E01002726,"8,742",3,EC3P 3WJ,EC3P,3WJ
E01002726,"8,742",3,EC3R 5AW,EC3R,5AW
E01002726,"8,742",3,EC3V 3RD,EC3V,3RD
E01002726,"8,742",3,EC2N 4ED,EC2N,4ED
E01002726,"8,742",3,EC4P 4DB,EC4P,4DB
E01002726,"8,742",3,EC4N 8NB,EC4N,8NB
E01002726,"8,742",3,EC4R 0EA,EC4R,0EA
E01002726,"8,742",3,EC4V 3ER,EC4V,3ER
E01002726,"8,742",3,EC4Y 0JT,EC4Y,0JT
E01002726,"8,742",3,EC50 0BL,EC50,0BL
E01002726,"8,742",3,EC4M 7PN,EC4M,7PN
E01002726,"8,742",3,W1B  3FT,W1B, 3FT
E01002726,"8,742",3,W1C  1YZ,W1C, 1YZ
E01002726,"8,742",3,W1G  7YZ,W1G, 7YZ
E01002726,"8,742",3,W1K  7YY,W1K, 7YY
E01002726,"8,742",3,W1J  9YY,W1J, 9YY
E01002726,"8,742",3,W1U  7WB,W1U, 7WB
E01002726,"8,742",3,W1W  8YP,W1W, 8YP
E01002794,"11,983",4,N1P  1QL,N1P, 1QL
E01002812,"21,054",7,SW19 6BU,SW19,6BU
E01002812,"21,054",7,SW5  0TL,SW5, 0TL
E01002812,"21,054",7,W8   5UA,W8,  5UA
E01002818,"18,433",6,SW1X 0EP,SW1X,0EP
E01002818,"18,433",6,SW3  1LN,SW3, 1LN
E01002819,"21,458",7,SW7  1AF,SW7, 1AF
E01002821,"20,470",7,SW9  7RT,SW9, 7RT
E01002859,"23,125",8,SW1W 8SB,SW1W,8SB
E01002899,"11,889",4,SW1H 0RL,SW1H,0RL
E01002915,"24,825",8,KT5  9PP,KT5, 9PP
E01002916,"28,889",9,KT6  7DE,KT6, 7DE
E01002919,"17,682",6,KT4  7QH,KT4, 7QH
E01002927,"22,135",7,KT3  5AQ,KT3, 5AQ
E01002929,"26,422",9,KT1  1HG,KT1, 1HG
E01002933,"16,907",6,KT2  5TA,KT2, 5TA
E01002939,"21,368",7,KT9  1RZ,KT9, 1RZ
E01002946,"23,945",8,KT19 9HN,KT19,9HN
E01002948,"16,231",5,KT22 0DP,KT22,0DP
E01002948,"16,231",5,KT18 7TR,KT18,7TR
E01002953,"27,148",9,SW20 0AA,SW20,0AA
E01002955,"19,233",6,SW15 3PL,SW15,3PL
E01002971,"21,056",7,KT7  0TZ,KT7, 0TZ
E01003007,"31,374",10,TW10 5HE,TW10,5HE
E01003013,"17,611",6,SE1  7FU,SE1, 7FU
E01003013,"17,611",6,SE11 6BB,SE11,6BB
E01003018,"14,517",5,SW2  2JW,SW2, 2JW
E01003019,"14,655",5,SW4  8AY,SW4, 8AY
E01003030,"18,015",6,SW12 9NJ,SW12,9NJ
E01003034,"12,579",4,SW8  3AB,SW8, 3AB
E01003043,"10,383",4,SE24 0PR,SE24,0PR
E01003046,"3,977",2,SE5  9HR,SE5, 9HR
E01003059,"4,352",2,SW99 0WZ,SW99,0WZ
E01003064,"21,202",7,SE21 8BP,SE21,8BP
E01003065,"3,249",1,SE27 9PH,SE27,9PH
E01003123,"11,941",4,SW95 9EA,SW95,9EA
E01003189,"4,810",2,SE6  3AR,SE6, 3AR
E01003193,"8,288",3,SE23 2QU,SE23,2QU
E01003207,"3,054",1,SE14 6TG,SE14,6TG
E01003209,"8,064",3,SE4  1BD,SE4, 1BD
E01003245,"2,696",1,SE16 2RW,SE16,2RW
E01003297,"4,967",2,SE15 1EP,SE15,1EP
E01003361,"24,005",8,SM4  4AG,SM4, 4AG
E01003370,"20,658",7,SW17 9DD,SW17,9DD
E01003417,"25,461",8,SM3  9HG,SM3, 9HG
E01003479,"6,522",2,E6   5RS,E6,  5RS
E01003480,"13,193",5,E16  2GA,E16, 2GA
E01003489,"4,950",2,E13  9AT,E13, 9AT
E01003497,"4,474",2,E3   3WH,E3,  3WH
E01003528,"6,033",2,E12  6QZ,E12, 6QZ
E01003531,"7,635",3,E7   8QP,E7,  8QP
E01003638,"15,454",5,IG6  1QH,IG6, 1QH
E01003639,"9,787",3,IG2  7PP,IG2, 7PP
E01003646,"18,267",6,IG4  5DY,IG4, 5DY
E01003649,"23,813",8,IG5  0AB,IG5, 0AB
E01003653,"18,578",6,IG1  4UJ,IG1, 4UJ
E01003654,"12,851",4,IG8  7QB,IG8, 7QB
E01003660,"26,133",8,IG9  6ED,IG9, 6ED
E01003668,"24,309",8,E18  2WB,E18, 2WB
E01003686,"7,771",3,IG3  9YE,IG3, 9YE
E01003702,"12,490",4,IG7  5JG,IG7, 5JG
E01003774,"24,162",8,E11  1PA,E11, 1PA
E01003804,"28,930",9,SW14 7DD,SW14,7DD
E01003810,"27,946",9,TW11 0RX,TW11,0RX
E01003810,"27,946",9,TW12 1JW,TW12,1JW
E01003823,"24,965",8,KT8  9AN,KT8, 9AN
E01003846,"31,228",10,TW9  4AS,TW9, 4AS
E01003916,"9,846",3,SE99 7UX,SE99,7UX
E01003923,"8,703",3,SE17 3UN,SE17,3UN
E01003945,"14,617",5,SE22 8LE,SE22,8LE
E01003979,"6,588",3,SE1P 4AB,SE1P,4AB
E01004076,"15,595",5,CR44 2TW,CR44,2TW
E01004076,"15,595",5,SM6  7AE,SM6, 7AE
E01004090,"3,846",2,SM2  6TX,SM2, 6TX
E01004091,"29,537",9,SM5  4HN,SM5, 4HN
E01004097,"29,106",9,SM1  4NY,SM1, 4NY
E01004108,"17,540",6,SM7  3DX,SM7, 3DX
E01004114,"30,363",10,KT17 3HL,KT17,3HL
E01004214,"2,622",1,E14  3EY,E14, 3EY
E01004287,"5,116",2,E1W  3WG,E1W, 3WG
E01004294,"12,187",4,E98  1SD,E98, 1SD
E01004294,"12,187",4,EC88 2NG,EC88,2NG
E01004336,"7,535",3,E10  5QB,E10, 5QB
E01004342,"9,117",3,E17  0SA,E17, 0SA
E01004477,"29,588",10,SW11 6AB,SW11,6AB
E01004527,"14,857",5,SW1E 6ZH,SW1E,6ZH
E01004562,"9,441",3,SW1A 0WY,SW1A,0WY
E01004562,"9,441",3,SW1V 1DR,SW1V,1DR
E01004562,"9,441",3,SW1Y 4XQ,SW1Y,4XQ
E01004657,"15,565",5,W1H  0ES,W1H, 0ES
E01004660,"20,960",7,W1M  1FE,W1M, 1FE
E01004689,"14,816",5,W1R  2EE,W1R, 2EE
E01004689,"14,816",5,W1Y  4AL,W1Y, 4AL
E01004717,"18,584",6,W1   3PF,W1,  3PF
E01004734,"7,056",3,W1D  5AR,W1D, 5AR
E01004734,"7,056",3,W1V  4JX,W1V, 4JX
E01004736,"16,419",5,W1X  2PL,W1X, 2PL
E01004761,"19,747",7,W1S  3BL,W1S, 3BL
E01004763,"7,808",3,W1F  0TB,W1F, 0TB
E01004766,"8,241",3,BL1  6NJ,BL1, 6NJ
E01004768,"29,371",9,BL7  9QY,BL7, 9QY
E01004775,"21,157",7,BL6  4WU,BL6, 4WU
E01004775,"21,157",7,BL5  3PG,BL5, 3PG
E01004775,"21,157",7,WN2  1QD,WN2, 1QD
E01004780,"25,016",8,WN1  2UG,WN1, 2UG
E01004781,"20,520",7,BL4  0FN,BL4, 0FN
E01004784,"29,361",9,BL2  3ND,BL2, 3ND
E01004789,"28,774",9,BL8  3QU,BL8, 3QU
E01004811,"1,238",1,BL3  2LQ,BL3, 2LQ
E01004817,"4,582",2,BL78 7WZ,BL78,7WZ
E01004833,"17,039",6,M28  6XJ,M28, 6XJ
E01004833,"17,039",6,M38  9XJ,M38, 9XJ
E01004848,"1,387",1,BL11 1XX,BL11,1XX
E01004896,"23,878",8,M29  9HW,M29, 9HW
E01004896,"23,878",8,M46  9GP,M46, 9GP
E01004903,"25,673",8,M26  1FY,M26, 1FY
E01004941,"9,410",3,M25  6WE,M25, 6WE
E01004941,"9,410",3,M45  8AE,M45, 8AE
E01004945,"21,956",7,BL9  8PL,BL9, 8PL
E01004945,"21,956",7,M24  4SH,M24, 4SH
E01004948,"4,721",2,BL0  9FT,BL0, 9FT
E01004975,"14,242",5,M21  1AA,M21, 1AA
E01005032,"3,151",1,M7   0GL,M7,  0GL
E01005040,"16,186",5,M8   4UP,M8,  4UP
E01005061,750,1,M11  3LW,M11, 3LW
E01005061,750,1,M12  4BJ,M12, 4BJ
E01005061,750,1,M13  0LH,M13, 0LH
E01005061,750,1,M60  6EL,M60, 6EL
E01005063,"1,017",1,M18  7WL,M18, 7WL
E01005065,892,1,M1   7JS,M1,  7JS
E01005068,"1,494",1,M23  2QT,M23, 2QT
E01005069,"16,490",6,WA15 7LG,WA15,7LG
E01005076,"13,261",5,M20  3BF,M20, 3BF
E01005085,"1,580",1,M22  7AH,M22, 7AH
E01005093,"1,201",1,M35  6JP,M35, 6JP
E01005093,"1,201",1,M43  6LX,M43, 6LX
E01005098,"1,229",1,M9   3QD,M9,  3QD
E01005106,"1,314",1,M40  2BR,M40, 2BR
E01005111,"5,715",2,M33  3PS,M33, 3PS
E01005118,"12,803",4,M19  2WA,M19, 2WA
E01005124,"3,021",1,SK4  3QX,SK4, 3QX
E01005129,300,1,M10  7LT,M10, 7LT
E01005130,350,1,M4   6AZ,M4,  6AZ
E01005147,"2,264",1,M3   1JE,M3,  1JE
E01005177,"20,339",7,M14  5BA,M14, 5BA
E01005179,"8,341",3,M16  8NQ,M16, 8NQ
E01005208,"8,929",3,M15  5WB,M15, 5WB
E01005251,"3,936",2,OL9  8DL,OL9, 8DL
E01005283,"14,070",5,M52  1HE,M52, 1HE
E01005291,"1,010",1,M90  1WP,M90, 1WP
E01005313,"1,990",1,SK10 2NT,SK10,2NT
E01005316,"6,602",3,SK9  4LL,SK9, 4LL
E01005320,"3,359",2,OL8  1NZ,OL8, 1NZ
E01005321,"1,827",1,OL4  1RD,OL4, 1RD
E01005335,"24,858",8,OL1  2TG,OL1, 2TG
E01005355,"12,348",4,OL2  8SA,OL2, 8SA
E01005368,"6,303",2,OL3  7JL,OL3, 7JL
E01005394,"23,512",8,OL11 2BZ,OL11,2BZ
E01005397,"16,974",6,OL95 1AD,OL95,1AD
E01005406,"27,675",9,OL5  0RL,OL5, 0RL
E01005443,"25,738",8,OL16 3SY,OL16,3SY
E01005482,33,1,OL12 6TR,OL12,6TR
E01005484,393,1,OL15 0FA,OL15,0FA
E01005497,"2,099",1,OL10 4PP,OL10,4PP
E01005518,"9,160",3,OL14 6UR,OL14,6UR
E01005599,"2,006",1,M30  0AA,M30, 0AA
E01005610,314,1,M6   5BG,M6,  5BG
E01005610,314,1,M5   4NQ,M5,  4NQ
E01005616,"6,046",2,M44  5AQ,M44, 5AQ
E01005621,"10,046",4,WA3  5PS,WA3, 5PS
E01005624,"2,973",1,M27  8XU,M27, 8XU
E01005719,"7,988",3,M50  1RD,M50, 1RD
E01005720,"5,007",2,M17  1RX,M17, 1RX
E01005743,"18,959",6,SK6  2NZ,SK6, 2NZ
E01005747,"26,604",9,SK14 5HA,SK14,5HA
E01005753,686,1,SK5  8FB,SK5, 8FB
E01005757,"10,009",4,SK1  2EX,SK1, 2EX
E01005758,523,1,SK3  0BB,SK3, 0BB
E01005760,"8,609",3,SK2  6QZ,SK2, 6QZ
E01005761,"7,629",3,SK8  5QB,SK8, 5QB
E01005792,"32,439",10,SK7  2AH,SK7, 2AH
E01005822,"1,234",1,SK22 3WZ,SK22,3WZ
E01005906,"27,211",9,SK12 2LH,SK12,2LH
E01005933,"1,298",1,OL6  8RL,OL6, 8RL
E01005938,"8,377",3,OL7  9RT,OL7, 9RT
E01005943,"13,283",5,SK15 1QH,SK15,1QH
E01005951,"5,492",2,M34  5HF,M34, 5HF
E01006008,"15,252",5,SK16 4RR,SK16,4RR
E01006028,"2,788",1,SK13 1WQ,SK13,1WQ
E01006074,"14,072",5,WA14 5NL,WA14,5NL
E01006087,"23,318",8,WA13 9GF,WA13,9GF
E01006104,"10,337",4,M31  4EB,M31, 4EB
E01006107,"5,556",2,M41  6JE,M41, 6JE
E01006141,"13,624",5,M32  0BG,M32, 0BG
E01006213,"2,030",1,WN3  4TA,WN3, 4TA
E01006220,"7,514",3,WN4  8AB,WN4, 8AB
E01006229,"24,152",8,WN6  8RX,WN6, 8RX
E01006245,"21,158",7,WN7  1PA,WN7, 1PA
E01006348,"26,475",9,WA12 0HX,WA12,0HX
E01006349,"11,763",4,WN5  0AR,WN5, 0AR
E01006412,415,1,L28  1NP,L28, 1NP
E01006415,"4,674",2,L32  9PE,L32, 9PE
E01006416,"1,177",1,L33  7UT,L33, 7UT
E01006416,"1,177",1,L70  2QA,L70, 2QA
E01006419,"17,935",6,L26  7AF,L26, 7AF
E01006420,"15,986",5,L35  1QH,L35, 1QH
E01006420,"15,986",5,WA8  5PP,WA8, 5PP
E01006424,"20,368",7,L36  6JA,L36, 6JA
E01006425,"10,433",4,L25  5BA,L25, 5BA
E01006428,"5,452",2,L24  9LE,L24, 9LE
E01006438,"16,754",6,L34  0BB,L34, 0BB
E01006439,"5,880",2,WA10 5QL,WA10,5QL
E01006446,"1,037",1,L30  4XU,L30, 4XU
E01006450,"1,149",1,L14  0PQ,L14, 0PQ
E01006456,"6,457",2,L31  1JS,L31, 1JS
E01006471,"21,801",7,L1   8JP,L1,  8JP
E01006472,"19,006",6,L16  2NE,L16, 2NE
E01006506,"4,307",2,L10  4YR,L10, 4YR
E01006512,"10,518",4,L8   7NY,L8,  7NY
E01006512,"10,518",4,L69  7LJ,L69, 7LJ
E01006512,"10,518",4,L7   3QB,L7,  3QB
E01006513,"10,339",4,L3   1AA,L3,  1AA
E01006513,"10,339",4,L2   8NU,L2,  8NU
E01006513,"10,339",4,L6   1BJ,L6,  1BJ
E01006513,"10,339",4,L67  1BQ,L67, 1BQ
E01006513,"10,339",4,L71  2AX,L71, 2AX
E01006519,"23,033",8,L17  6BQ,L17, 6BQ
E01006519,"23,033",8,L19  3QX,L19, 3QX
E01006524,"24,024",8,L18  8AP,L18, 8AP
E01006541,"2,615",1,L11  1DL,L11, 1DL
E01006541,"2,615",1,L4   2TZ,L4,  2TZ
E01006542,"1,167",1,L5   1UU,L5,  1UU
E01006550,"14,077",5,L15  3JG,L15, 3JG
E01006565,"3,478",2,L13  4DJ,L13, 4DJ
E01006568,"7,879",3,L12  9WZ,L12, 9WZ
E01006586,"5,727",2,L41  7EL,L41, 7EL
E01006651,"23,465",8,L9   0NL,L9,  0NL
E01006698,"2,229",1,L20  9NF,L20, 9NF
E01006706,387,1,L27  7BW,L27, 7BW
E01006772,"5,735",2,L43  2EU,L43, 2EU
E01006803,"20,840",7,WA11 0XB,WA11,0XB
E01006812,"2,964",1,WA9  1DG,WA9, 1DG
E01006859,"24,795",8,WA2  7EA,WA2, 7EA
E01006863,"1,934",1,WA5  4WA,WA5, 4WA
E01006885,"21,504",7,WN8  9QN,WN8, 9QN
E01006920,"16,301",5,PR8  3GD,PR8, 3GD
E01006936,"26,986",9,L23  6WR,L23, 6WR
E01006941,"19,648",6,L22  2AY,L22, 2AY
E01006944,"7,856",3,PR9  0LS,PR9, 0LS
E01006952,"1,025",1,L21  1DP,L21, 1DP
E01006956,"6,525",2,L29  9WZ,L29, 9WZ
E01006963,260,1,L68  1AE,L68, 1AE
E01006967,786,1,L75  1AZ,L75, 1AZ
E01006985,"29,999",10,L37  1XX,L37, 1XX
E01007022,"7,330",3,L38  3RA,L38, 3RA
E01007048,"2,298",1,L72  1LL,L72, 1LL
E01007049,"7,619",3,L80  4WF,L80, 4WF
E01007110,"25,226",8,CH61 1DG,CH61,1DG
E01007110,"25,226",8,CH63 2JY,CH63,2JY
E01007110,"25,226",8,L61  1DG,L61, 1DG
E01007110,"25,226",8,L63  2JW,L63, 2JW
E01007111,"26,481",9,CH42 4SD,CH42,4SD
E01007111,"26,481",9,L42  4RT,L42, 4RT
E01007114,"10,825",4,L62  1DE,L62, 1DE
E01007119,"2,152",1,CH43 9WQ,CH43,9WQ
E01007119,"2,152",1,L49  0TA,L49, 0TA
E01007120,"2,824",1,L46  9PA,L46, 9PA
E01007121,385,1,CH41 1EA,CH41,1EA
E01007121,385,1,CH44 2HD,CH44,2HD
E01007121,385,1,L44  3EQ,L44, 3EQ
E01007122,36,1,L45  6UQ,L45, 6UQ
E01007126,294,1,CH25 9DQ,CH25,9DQ
E01007135,"20,354",7,CH62 7AA,CH62,7AA
E01007139,"5,026",2,CH32 9AG,CH32,9AG
E01007144,"21,349",7,CH60 1UG,CH60,1UG
E01007144,"21,349",7,CH64 1RX,CH64,1RX
E01007144,"21,349",7,L60  1XX,L60, 1XX
E01007144,"21,349",7,L64  1RX,L64, 1RX
E01007164,"18,315",6,L65  1AR,L65, 1AR
E01007169,"13,132",4,CH65 1AR,CH65,1AR
E01007182,"27,508",9,CH31 9AA,CH31,9AA
E01007193,"24,862",8,CH29 9BZ,CH29,9BZ
E01007193,"24,862",8,CH48 5WA,CH48,5WA
E01007193,"24,862",8,CH47 2AX,CH47,2AX
E01007193,"24,862",8,L47  4AH,L47, 4AH
E01007193,"24,862",8,L48  5DS,L48, 5DS
E01007203,"22,189",7,CH46 3BR,CH46,3BR
E01007210,"3,530",2,CH45 8QL,CH45,8QL
E01007217,"8,252",3,CH27 9AB,CH27,9AB
E01007225,"21,528",7,CH28 9AL,CH28,9AL
E01007225,"21,528",7,CH49 4NU,CH49,4NU
E01007252,"18,365",6,CH26 9BH,CH26,9BH
E01007302,"10,574",4,CH30 9BU,CH30,9BU
E01007317,"2,093",1,S70  3HT,S70, 3HT
E01007317,"2,093",1,S71  3PH,S71, 3PH
E01007319,"17,686",6,S73  8EH,S73, 8EH
E01007328,"3,584",2,S72  9EB,S72, 9EB
E01007340,"5,450",2,S75  1WS,S75, 1WS
E01007349,"6,212",2,S63  0BQ,S63, 0BQ
E01007370,"1,409",1,DN5  7HP,DN5, 7HP
E01007388,"15,506",5,S74  8AA,S74, 8AA
E01007421,"19,268",6,S30  7BY,S30, 7BY
E01007421,"19,268",6,S35  7DA,S35, 7DA
E01007422,"25,055",8,S36  8PR,S36, 8PR
E01007426,"17,386",6,HD7  1RZ,HD7, 1RZ
E01007426,"17,386",6,HD9  7TA,HD9, 7TA
E01007426,"17,386",6,HD8  8YJ,HD8, 8YJ
E01007464,"6,118",2,DN6  7XB,DN6, 7XB
E01007475,"28,125",9,DN3  2BF,DN3, 2BF
E01007478,"13,372",5,DN2  5PS,DN2, 5PS
E01007479,"9,920",4,DN7  6BA,DN7, 6BA
E01007490,"9,561",3,WF8  3JG,WF8, 3JG
E01007494,"9,442",3,DN4  0FE,DN4, 0FE
E01007502,"24,299",8,DN11 9DQ,DN11,9DQ
E01007529,735,1,DN1  1QY,DN1, 1QY
E01007530,"2,051",1,DN12 2EA,DN12,2EA
E01007530,"2,051",1,DN10 6SZ,DN10,6SZ
E01007530,"2,051",1,DN8  4WA,DN8, 4WA
E01007530,"2,051",1,DN9  3XE,DN9, 3XE
E01007530,"2,051",1,DN55 1HD,DN55,1HD
E01007543,"1,125",1,S64  0LB,S64, 0LB
E01007613,"17,349",6,S25  2XF,S25, 2XF
E01007613,"17,349",6,S26  2XU,S26, 2XU
E01007613,"17,349",6,S31  7HZ,S31, 7HZ
E01007613,"17,349",6,S65  4LX,S65, 4LX
E01007613,"17,349",6,S66  7AA,S66, 7AA
E01007625,"13,097",4,DN14 9BW,DN14,9BW
E01007664,"21,287",7,S81  8BH,S81, 8BH
E01007664,"21,287",7,S80  3LA,S80, 3LA
E01007665,"19,171",6,S13  9EL,S13, 9EL
E01007665,"19,171",6,S60  5RJ,S60, 5RJ
E01007665,"19,171",6,S20  1AH,S20, 1AH
E01007676,"9,262",3,S9   1RA,S9,  1RA
E01007696,"17,760",6,S61  4QS,S61, 4QS
E01007696,"17,760",6,S62  7UB,S62, 7UB
E01007714,805,1,S95  1AD,S95, 1AD
E01007748,"20,843",7,S2   4LB,S2,  4LB
E01007750,"19,310",6,S1   1DH,S1,  1DH
E01007820,"10,725",4,S97  3EY,S97, 3EY
E01007823,"15,701",5,S8   7QY,S8,  7QY
E01007825,"27,388",9,S7   2AB,S7,  2AB
E01007826,"31,519",10,S17  4QB,S17, 4QB
E01007835,"19,702",6,S12  3LB,S12, 3LB
E01007848,583,1,S5   6BZ,S5,  6BZ
E01007851,"2,218",1,S4   8HD,S4,  8HD
E01007857,"2,861",1,S6   2EA,S6,  2EA
E01007858,"23,438",8,S10  3DR,S10, 3DR
E01007858,"23,438",8,S11  7EA,S11, 7EA
E01007866,"26,148",8,S3   7HG,S3,  7HG
E01007904,553,1,S96  5XA,S96, 5XA
E01007918,"25,458",8,S32  2BX,S32, 2BX
E01007976,"6,490",2,S14  1PB,S14, 1PB
E01008019,"10,999",4,S19  5LH,S19, 5LH
E01008041,"26,363",9,S21  2XX,S21, 2XX
E01008162,"12,816",4,NE8  1HU,NE8, 1HU
E01008164,"2,780",1,NE10 0DF,NE10,0DF
E01008166,"3,069",1,NE11 0GB,NE11,0GB
E01008172,"14,927",5,DH3  2AS,DH3, 2AS
E01008174,"11,070",4,NE38 0AA,NE38,0AA
E01008175,"10,043",4,DH2  1AH,DH2, 1AH
E01008177,"16,765",6,NE21 4AA,NE21,4AA
E01008181,"16,728",6,NE16 5WD,NE16,5WD
E01008181,"16,728",6,NE39 1WR,NE39,1WR
E01008181,"16,728",6,NE40 9AA,NE40,9AA
E01008183,"7,696",3,NE17 7AN,NE17,7AN
E01008183,"7,696",3,NE42 5NR,NE42,5NR
E01008189,"4,630",2,NE9  6LG,NE9, 6LG
E01008200,"27,702",9,NE41 8JD,NE41,8JD
E01008215,981,1,NE30 1QY,NE30,1QY
E01008226,"10,228",4,DH9  0SA,DH9, 0SA
E01008248,"28,146",9,NE15 8NN,NE15,8NN
E01008259,"1,300",1,DH98 1AA,DH98,1AA
E01008259,"1,300",1,NE85 2ZA,NE85,2ZA
E01008259,"1,300",1,NE82 6XX,NE82,6XX
E01008259,"1,300",1,NE83 7QQ,NE83,7QQ
E01008259,"1,300",1,NE88 1AA,NE88,1AA
E01008259,"1,300",1,NE92 1AA,NE92,1AA
E01008259,"1,300",1,NE98 1AF,NE98,1AF
E01008290,"1,115",1,NE4  8NR,NE4, 8NR
E01008293,"16,311",5,NE3  2ER,NE3, 2ER
E01008293,"16,311",5,NE5  4SL,NE5, 4SL
E01008301,"4,728",2,NE6  2SX,NE6, 2SX
E01008303,726,1,NE7  7JJ,NE7, 7JJ
E01008306,"13,282",5,NE13 7AB,NE13,7AB
E01008321,"29,949",10,NE1  1HJ,NE1, 1HJ
E01008321,"29,949",10,NE2  3RG,NE2, 3RG
E01008361,"11,878",4,NE33 1TP,NE33,1TP
E01008365,"31,586",10,NE99 1EH,NE99,1EH
E01008436,"1,639",1,NE28 6DA,NE28,6DA
E01008458,"23,053",8,NE20 9BY,NE20,9BY
E01008469,"25,026",8,NE12 8AA,NE12,8AA
E01008475,"30,184",10,NE23 7LG,NE23,7LG
E01008481,"6,179",2,NE29 7JZ,NE29,7JZ
E01008488,"8,376",3,NE27 0BL,NE27,0BL
E01008491,"5,569",2,NE25 8US,NE25,8US
E01008491,"5,569",2,NE26 1ET,NE26,1ET
E01008590,"4,885",2,NE34 0BU,NE34,0BU
E01008600,"1,906",1,NE32 3AB,NE32,3AB
E01008604,"2,153",1,NE31 1EJ,NE31,1EJ
E01008604,"2,153",1,NE35 9WX,NE35,9WX
E01008604,"2,153",1,NE36 0WB,NE36,0WB
E01008616,"28,307",9,SR6  7RF,SR6, 7RF
E01008617,"28,214",9,SR5  1RP,SR5, 1RP
E01008629,"18,353",6,NE37 3JB,NE37,3JB
E01008700,"5,682",2,SR1  3AB,SR1, 3AB
E01008700,"5,682",2,SR4  6AA,SR4, 6AA
E01008706,"7,179",3,SR3  1XX,SR3, 1XX
E01008707,"13,585",5,SR2  7PS,SR2, 7PS
E01008714,"2,366",1,DH5  8AG,DH5, 8AG
E01008720,"7,561",3,DH4  4EH,DH4, 4EH
E01008736,205,1,SR9  9AD,SR9, 9AD
E01008746,987,1,SR7  9TW,SR7, 9TW
E01008762,"1,971",1,SR43 1ZZ,SR43,1ZZ
E01008848,"19,837",7,NE89 1AA,NE89,1AA
E01008881,"4,037",2,B25  8RA,B25, 8RA
E01008881,"4,037",2,B26  1TD,B26, 1TD
E01008884,"3,591",2,B11  2AZ,B11, 2AZ
E01008889,"3,912",2,B10  0HD,B10, 0HD
E01008889,"3,912",2,B12  0BZ,B12, 0BZ
E01008889,"3,912",2,B27  6PH,B27, 6PH
E01008899,371,1,B6   5SR,B6,  5SR
E01008905,"1,087",1,B19  1BB,B19, 1BB
E01008910,668,1,B1   3PF,B1,  3PF
E01008910,668,1,B24  8WD,B24, 8WD
E01008910,668,1,B2   2FU,B2,  2FU
E01008910,668,1,B3   1AH,B3,  1AH
E01008910,668,1,B4   6AE,B4,  6AE
E01008910,668,1,B5   7WU,B5,  7WU
E01008910,668,1,B7   5PB,B7,  5PB
E01008910,668,1,B99  1BR,B99, 1BR
E01008917,"15,844",5,B32  3PW,B32, 3PW
E01008919,"5,660",2,B29  5UP,B29, 5UP
E01008921,"7,852",3,B62  0EL,B62, 0EL
E01008924,"9,587",3,B31  1XA,B31, 1XA
E01008932,"3,000",1,B13  0HH,B13, 0HH
E01008937,"4,844",2,B14  4DZ,B14, 4DZ
E01008940,"1,508",1,B28  0QZ,B28, 0QZ
E01008949,"22,004",7,B47  5NL,B47, 5NL
E01008950,"9,577",3,B30  1LT,B30, 1LT
E01008961,"11,516",4,B38  9SB,B38, 9SB
E01008986,"7,045",3,B16  0RP,B16, 0RP
E01008988,"8,073",3,B15  3EZ,B15, 3EZ
E01008989,"9,142",3,B17  8NA,B17, 8NA
E01009000,"1,655",1,B23  7PE,B23, 7PE
E01009003,"9,187",3,B72  1AD,B72, 1AD
E01009047,"1,837",1,B20  3SY,B20, 3SY
E01009051,"2,207",1,B42  2SS,B42, 2SS
E01009079,566,1,B36  8TS,B36, 8TS
E01009082,"3,809",2,B8   2SB,B8,  2SB
E01009087,"10,604",4,B34  6AT,B34, 6AT
E01009091,"4,704",2,B33  9JH,B33, 9JH
E01009096,"2,625",1,B35  6AH,B35, 6AH
E01009097,844,1,B76  1AU,B76, 1AU
E01009119,"11,219",4,B22  1AJ,B22, 1AJ
E01009121,"4,638",2,B44  8QS,B44, 8QS
E01009135,"15,301",5,B73  5AA,B73, 5AA
E01009139,"10,158",4,B66  4NR,B66, 4NR
E01009140,"7,037",3,B18  7BB,B18, 7BB
E01009155,"1,063",1,B45  0LS,B45, 0LS
E01009163,"3,374",2,B48  7QX,B48, 7QX
E01009194,"1,977",1,B9   4TQ,B9,  4TQ
E01009204,758,1,B80  7DN,B80, 7DN
E01009220,"8,380",3,B43  7DS,B43, 7DS
E01009253,"14,108",5,B68  0BY,B68, 0BY
E01009260,"21,980",7,B67  5ES,B67, 5ES
E01009264,"6,955",3,B21  9RG,B21, 9RG
E01009297,"2,493",1,B37  6EX,B37, 6EX
E01009320,"12,870",4,B92  8JT,B92, 8JT
E01009415,"30,694",10,B74  4RR,B74, 4RR
E01009415,"30,694",10,B75  5GA,B75, 5GA
E01009522,"11,987",4,CV6  1HW,CV6, 1HW
E01009523,"18,479",6,CV5  9BU,CV5, 9BU
E01009523,"18,479",6,CV7  8JJ,CV7, 8JJ
E01009532,"18,645",6,CV3  2JW,CV3, 2JW
E01009541,"3,083",1,CV1  1FP,CV1, 1FP
E01009541,"3,083",1,CV8  3ZU,CV8, 3ZU
E01009541,"3,083",1,CV4  0FR,CV4, 0FR
E01009567,"1,782",1,CV2  2ZG,CV2, 2ZG
E01009642,"5,918",2,CV12 0YB,CV12,0YB
E01009719,"15,779",5,DY5  2NF,DY5, 2NF
E01009721,"13,474",5,DY8  1YP,DY8, 1YP
E01009721,"13,474",5,DY9  7AB,DY9, 7AB
E01009732,"9,576",3,B63  4QF,B63, 4QF
E01009736,"24,929",8,B64  7JQ,B64, 7JQ
E01009746,"4,134",2,DY2  0RB,DY2, 0RB
E01009748,"2,392",1,DY1  2EH,DY1, 2EH
E01009749,"18,851",6,DY6  7LQ,DY6, 7LQ
E01009757,"6,585",3,DY4  7UE,DY4, 7UE
E01009763,"8,717",3,WV14 8AP,WV14,8AP
E01009771,"21,084",7,DY3  1AD,DY3, 1AD
E01009777,"7,794",3,WV4  6AY,WV4, 6AY
E01009792,"8,277",3,B65  8WS,B65, 8WS
E01009836,"1,556",1,DY10 1DT,DY10,1DT
E01009846,"24,966",8,DY7  6PR,DY7, 6PR
E01009898,"21,688",7,WV1  1SQ,WV1, 1SQ
E01009934,"4,732",2,B69  1AB,B69, 1AB
E01009946,"14,136",5,B71  3AA,B71, 3AA
E01009960,"5,308",2,WS10 0EY,WS10,0EY
E01009967,"9,774",3,WS1  4NH,WS1, 4NH
E01009969,"7,379",3,WS5  4JQ,WS5, 4JQ
E01009979,580,1,B70  0EZ,B70, 0EZ
E01010109,"16,201",5,B40  1NH,B40, 1NH
E01010109,"16,201",5,B46  3HU,B46, 3HU
E01010115,"17,475",6,B91  2SX,B91, 2SX
E01010115,"17,475",6,B93  0PA,B93, 0PA
E01010151,"25,406",8,B94  6JS,B94, 6JS
E01010174,"18,230",6,B90  3SE,B90, 3SE
E01010241,"25,925",8,WS9  0AL,WS9, 0AL
E01010246,"21,211",7,WS4  2JR,WS4, 2JR
E01010249,"9,369",3,WS8  7QL,WS8, 7QL
E01010258,"4,311",2,WS2  0BD,WS2, 0BD
E01010271,"2,361",1,WS3  2AA,WS3, 2AA
E01010291,"1,903",1,WV12 5BX,WV12,5BX
E01010376,"19,273",6,WV13 1NS,WV13,1NS
E01010398,"27,681",9,WV11 2RA,WV11,2RA
E01010414,536,1,WV2  4LP,WV2, 4LP
E01010426,"10,678",4,WV3  0DJ,WV3, 0DJ
E01010434,"9,121",3,WV10 6AZ,WV10,6AZ
E01010472,"3,901",2,WV7  3XY,WV7, 3XY
E01010472,"3,901",2,WV9  5HZ,WV9, 5HZ
E01010504,"22,721",7,WV6  0DU,WV6, 0DU
E01010522,"3,734",2,WV8  1WX,WV8, 1WX
E01010522,"3,734",2,WV98 1AA,WV98,1AA
E01010548,"13,681",5,WV16 8LE,WV16,8LE
E01010568,"22,050",7,BD17 6ER,BD17,6ER
E01010573,"22,094",7,BD16 3AR,BD16,3AR
E01010573,"22,094",7,LS20 8NT,LS20,8NT
E01010578,"17,225",6,BD21 5RA,BD21,5RA
E01010578,"17,225",6,BD97 1AD,BD97,1AD
E01010587,"21,551",7,BD9  6SA,BD9, 6SA
E01010587,"21,551",7,BD15 0HF,BD15,0HF
E01010590,"18,819",6,BD13 3RY,BD13,3RY
E01010594,"17,079",6,BD22 9SG,BD22,9SG
E01010596,"24,497",8,BD18 4BB,BD18,4BB
E01010597,"8,369",3,BD2  1NG,BD2, 1NG
E01010598,"15,148",5,BD3  0QS,BD3, 0QS
E01010599,"10,118",4,BD1  4SX,BD1, 4SX
E01010604,"15,966",5,BD10 8QH,BD10,8QH
E01010609,"1,737",1,BD4  7QX,BD4, 7QX
E01010615,"7,005",3,BD5  8LE,BD5, 8LE
E01010628,"4,978",2,BD14 6UA,BD14,6UA
E01010628,"4,978",2,BD8  0EA,BD8, 0EA
E01010638,"21,728",7,BD20 9BY,BD20,9BY
E01010646,"30,426",10,LS29 9JU,LS29,9JU
E01010648,"29,500",9,LS27 0XA,LS27,0XA
E01010658,"4,999",2,BD7  2HR,BD7, 2HR
E01010658,"4,999",2,BD99 9XG,BD99,9XG
E01010667,"3,573",2,BD6  3JN,BD6, 3JN
E01010683,"25,052",8,LS19 7EG,LS19,7EG
E01010732,"1,606",1,BD12 0YG,BD12,0YG
E01010760,"21,293",7,HX3  6SR,HX3, 6SR
E01010771,"32,338",10,LS21 3DP,LS21,3DP
E01010816,"18,038",6,BD11 2BY,BD11,2BY
E01010875,"28,512",9,HD6  2JY,HD6, 2JY
E01010877,"10,573",4,HX5  9JA,HX5, 9JA
E01010879,"22,888",7,HD5  0RW,HD5, 0RW
E01010879,"22,888",7,WF14 0BS,WF14,0BS
E01010881,"19,397",6,HX2  6XB,HX2, 6XB
E01010881,"19,397",6,HX7  5RR,HX7, 5RR
E01010892,"24,713",8,HD2  2EL,HD2, 2EL
E01010893,"11,296",4,HX1  2DX,HX1, 2DX
E01010896,"23,845",8,HD3  3YU,HD3, 3YU
E01010896,"23,845",8,HX4  9BZ,HX4, 9BZ
E01010908,"20,680",7,BD19 6PJ,BD19,6PJ
E01010922,"17,748",6,HX6  2RH,HX6, 2RH
E01011007,"12,926",4,HD1  3AN,HD1, 3AN
E01011009,"12,897",4,HD4  6SA,HD4, 6SA
E01011013,"21,803",7,WF12 7HU,WF12,7HU
E01011013,"21,803",7,WF3  1DP,WF3, 1DP
E01011013,"21,803",7,WF17 6ES,WF17,6ES
E01011019,"10,981",4,WF13 2HU,WF13,2HU
E01011021,"24,516",8,WF15 6YZ,WF15,6YZ
E01011021,"24,516",8,WF16 0EP,WF16,0EP
E01011109,"23,942",8,WF4  4AG,WF4, 4AG
E01011121,"3,952",2,WF5  9SX,WF5, 9SX
E01011193,"19,938",7,WF1  9WA,WF1, 9WA
E01011274,"5,330",2,LS18 4YN,LS18,4YN
E01011281,"4,014",2,LS12 2HS,LS12,2HS
E01011281,"4,014",2,LS13 2RU,LS13,2RU
E01011281,"4,014",2,LS5  3AF,LS5, 3AF
E01011281,"4,014",2,LS4  2HB,LS4, 2HB
E01011296,"29,062",9,LS15 4EB,LS15,4EB
E01011296,"29,062",9,LS25 2AD,LS25,2AD
E01011299,"18,596",6,WF10 2XB,WF10,2XB
E01011308,"18,838",6,LS26 8AR,LS26,8AR
E01011309,"20,051",7,LS14 3FA,LS14,3FA
E01011309,"20,051",7,LS23 6LT,LS23,6LT
E01011309,"20,051",7,LS24 9NP,LS24,9NP
E01011311,"26,925",9,LS17 9HZ,LS17,9HZ
E01011312,236,1,LS11 6HP,LS11,6HP
E01011328,"6,827",3,LS28 5NA,LS28,5NA
E01011338,777,1,LS9  7HH,LS9, 7HH
E01011339,"2,967",1,LS8  3LA,LS8, 3LA
E01011344,325,1,LS1  1QW,LS1, 1QW
E01011350,"22,753",7,LS7  3DJ,LS7, 3DJ
E01011363,229,1,LS2  7SS,LS2, 7SS
E01011363,229,1,LS3  1RH,LS3, 1RH
E01011364,"1,719",1,LS10 1BF,LS10,1BF
E01011376,"32,477",10,LS16 7LU,LS16,7LU
E01011435,"14,792",5,LS6  3HU,LS6, 3HU
E01011468,762,1,LS98 1FD,LS98,1FD
E01011470,"5,831",2,LS88 1XL,LS88,1XL
E01011470,"5,831",2,LS99 2RX,LS99,2RX
E01011536,"23,016",8,WF2  0SA,WF2, 0SA
E01011696,"30,644",10,LS22 5BA,LS22,5BA
E01011758,"5,857",2,WF6  1PY,WF6, 1PY
E01011766,"15,203",5,WF7  6ES,WF7, 6ES
E01011784,"7,501",3,WF9  4PW,WF9, 4PW
E01011803,"1,386",1,WF11 0BD,WF11,0BD
E01011898,"9,748",3,WF90 8AA,WF90,8AA
E01011949,"5,169",2,TS25 5PR,TS25,5PR
E01011951,"3,241",1,TS26 9BQ,TS26,9BQ
E01011952,"3,264",1,TS24 9JG,TS24,9JG
E01011959,"20,673",7,TS22 5BF,TS22,5BF
E01011959,"20,673",7,TS27 3AW,TS27,3AW
E01011968,"16,245",5,TS23 3TQ,TS23,3TQ
E01012007,"20,429",7,TS5  7HU,TS5, 7HU
E01012011,784,1,TS17 7BU,TS17,7BU
E01012012,"17,153",6,TS1  5HD,TS1, 5HD
E01012015,"1,320",1,TS3  0SE,TS3, 0SE
E01012016,845,1,TS7  9NT,TS7, 9NT
E01012018,"2,284",1,TS4  3SU,TS4, 3SU
E01012030,"24,211",8,TS8  8DF,TS8, 8DF
E01012030,"24,211",8,TS9  5WP,TS9, 5WP
E01012041,64,1,TS2  1WZ,TS2, 1WZ
E01012041,64,1,TS90 8JA,TS90,8JA
E01012060,162,1,TS6  6PU,TS6, 6PU
E01012095,"25,159",8,TS12 2FG,TS12,2FG
E01012096,"2,526",1,TS13 4BN,TS13,4BN
E01012100,499,1,TS10 1DD,TS10,1DD
E01012117,"7,082",3,TS14 6QD,TS14,6QD
E01012120,"21,590",7,TS11 8AD,TS11,8AD
E01012187,"17,368",6,TS19 8UF,TS19,8UF
E01012188,"28,932",9,TS21 1BB,TS21,1BB
E01012192,"12,724",4,TS20 1AF,TS20,1AF
E01012199,"30,540",10,TS16 9DH,TS16,9DH
E01012200,"27,037",9,TS15 9BZ,TS15,9BZ
E01012207,"21,288",7,TS18 4HL,TS18,4HL
E01012269,"22,273",7,DL2  1TB,DL2, 1TB
E01012304,897,1,DL1  1HH,DL1, 1HH
E01012309,"26,210",8,DL3  0QD,DL3, 0QD
E01012334,"20,967",7,DL4  2QA,DL4, 2QA
E01012334,"20,967",7,DL5  6AN,DL5, 6AN
E01012355,"7,990",3,DL98 1AA,DL98,1AA
E01012371,"21,042",7,WA7  3HR,WA7, 3HR
E01012380,"2,893",1,WA88 1ZS,WA88,1ZS
E01012385,"23,805",8,WA4  4BU,WA4, 4BU
E01012478,"11,897",4,WA1  2DL,WA1, 2DL
E01012562,"27,677",9,WA55 1BN,WA55,1BN
E01012571,"1,879",1,BB1  1QZ,BB1, 1QZ
E01012576,"3,394",2,BB0  1GR,BB0, 1GR
E01012581,"26,050",8,BB2  7BU,BB2, 7BU
E01012585,"9,431",3,PR1  1QA,PR1, 1QA
E01012589,"3,483",2,BB3  1ER,BB3, 1ER
E01012628,"25,628",8,PR6  8DS,PR6, 8DS
E01012655,19,1,BB6  7BZ,BB6, 7BZ
E01012662,"7,365",3,FY5  3BA,FY5, 3BA
E01012666,"5,926",2,FY2  9HN,FY2, 9HN
E01012670,9,1,FY1  4BX,FY1, 4BX
E01012671,7,1,FY4  1AA,FY4, 1AA
E01012675,139,1,FY3  8DN,FY3, 8DN
E01012688,"5,035",2,FY8  5RR,FY8, 5RR
E01012692,"5,332",2,FY6  7QS,FY6, 7QS
E01012756,"13,273",5,HU5  3JD,HU5, 3JD
E01012757,"6,607",3,HU3  1YX,HU3, 1YX
E01012764,"16,218",5,HU6  7AA,HU6, 7AA
E01012766,"17,764",6,HU8  0AH,HU8, 0AH
E01012770,"26,752",9,HU4  6TP,HU4, 6TP
E01012778,585,1,HU7  4FB,HU7, 4FB
E01012805,484,1,HU9  2AB,HU9, 2AB
E01012811,"17,012",6,HU1  1XF,HU1, 1XF
E01012811,"17,012",6,HU12 0YA,HU12,0YA
E01012811,"17,012",6,HU2  0NF,HU2, 0NF
E01012817,"9,094",3,HU11 4YZ,HU11,4YZ
E01012884,"4,383",2,HU13 9NN,HU13,9NN
E01012919,"30,211",10,HU17 8GL,HU17,8GL
E01012920,"27,257",9,YO4  3SA,YO4, 3SA
E01012920,"27,257",9,YO43 4RZ,YO43,4RZ
E01012922,"18,262",6,YO25 9JR,YO25,9JR
E01012928,"1,875",1,YO16 4DQ,YO16,4DQ
E01012933,"19,628",6,YO15 1HY,YO15,1HY
E01012953,"19,680",6,HU16 4DQ,HU16,4DQ
E01012957,"28,432",9,HU20 3LB,HU20,3LB
E01012961,"17,570",6,HU10 6DS,HU10,6DS
E01012965,"26,622",9,HU15 1ZL,HU15,1ZL
E01012990,"12,678",4,YO11 3UL,YO11,3UL
E01013008,"20,232",7,HU14 9AQ,HU14,9AQ
E01013016,"27,622",9,YO8  7EN,YO8, 7EN
E01013022,"19,272",6,YO42 4NX,YO42,4NX
E01013037,"24,702",8,HU18 1WH,HU18,1WH
E01013057,"29,696",10,YO41 4BJ,YO41,4BJ
E01013079,"11,903",4,HU19 2PB,HU19,2PB
E01013127,"23,420",8,YO95 1BT,YO95,1BT
E01013128,"3,939",2,DN35 8JX,DN35,8JX
E01013136,27,1,DN31 3SY,DN31,3SY
E01013136,27,1,DN32 7JG,DN32,7JG
E01013144,494,1,DN37 9AU,DN37,9AU
E01013153,"20,662",7,DN36 4GG,DN36,4GG
E01013173,"21,195",7,DN41 8AA,DN41,8AA
E01013173,"21,195",7,DN40 2PR,DN40,2PR
E01013174,896,1,DN39 6WB,DN39,6WB
E01013182,"20,398",7,DN33 2AB,DN33,2AB
E01013182,"20,398",7,DN34 4SP,DN34,4SP
E01013225,"15,268",5,LN3  6BP,LN3, 6BP
E01013225,"15,268",5,LN8  6BP,LN8, 6BP
E01013236,"15,847",5,DN16 3HJ,DN16,3HJ
E01013236,"15,847",5,DN17 2UF,DN17,2UF
E01013254,"8,911",3,DN18 5AP,DN18,5AP
E01013255,"14,473",5,DN19 7AG,DN19,7AG
E01013266,"28,771",9,DN15 2QL,DN15,2QL
E01013267,"18,228",6,DN20 0PQ,DN20,0PQ
E01013269,"23,137",8,DN38 6DN,DN38,6DN
E01013322,"21,984",7,DN21 4BA,DN21,4BA
E01013325,"21,304",7,LN7  6JX,LN7, 6JX
E01013335,"6,984",3,YO2  5HY,YO2, 5HY
E01013335,"6,984",3,YO26 5DY,YO26,5DY
E01013336,"20,828",7,YO1  3YN,YO1, 3YN
E01013336,"20,828",7,YO24 4LH,YO24,4LH
E01013340,"32,752",10,YO23 2RX,YO23,2RX
E01013343,"23,863",8,YO3  6EN,YO3, 6EN
E01013343,"23,863",8,YO30 6EN,YO30,6EN
E01013343,"23,863",8,YO31 8LA,YO31,8LA
E01013348,"24,734",8,YO91 1RT,YO91,1RT
E01013351,"29,410",9,YO19 5PE,YO19,5PE
E01013352,"30,929",10,YO10 5YQ,YO10,5YQ
E01013370,"28,476",9,YO32 2FG,YO32,2FG
E01013377,"31,017",10,YO6  1ES,YO6, 1ES
E01013426,"28,356",9,YO5  8JP,YO5, 8JP
E01013439,"32,736",10,YO60 7QY,YO60,7QY
E01013453,"9,063",3,DE1  1LD,DE1, 1LD
E01013453,"9,063",3,DE22 3QA,DE22,3QA
E01013453,"9,063",3,DE3  3WZ,DE3, 3WZ
E01013455,"8,315",3,DE23 6BS,DE23,6BS
E01013470,"9,814",3,DE21 7HX,DE21,7HX
E01013470,"9,814",3,DE2  0QQ,DE2, 0QQ
E01013470,"9,814",3,DE24 0JP,DE24,0JP
E01013514,"27,620",9,DE7  1UT,DE7, 1UT
E01013514,"27,620",9,DE73 6PZ,DE73,6PZ
E01013595,"13,441",5,DE72 3JY,DE72,3JY
E01013600,"1,654",1,LE4  2BN,LE4, 2BN
E01013607,"10,526",4,LE1  9FH,LE1, 9FH
E01013607,"10,526",4,LE3  5AL,LE3, 5AL
E01013608,"14,232",5,LE2  6UN,LE2, 6UN
E01013617,"11,285",4,LE7  7QT,LE7, 7QT
E01013625,"6,164",2,LE41 9AJ,LE41,9AJ
E01013646,"3,697",2,LE87 2BB,LE87,2BB
E01013651,"2,921",1,LE5  0NJ,LE5, 0NJ
E01013787,"20,122",7,LE15 8QN,LE15,8QN
E01013790,"14,381",5,PE9  4DH,PE9, 4DH
E01013794,"22,203",7,LE16 8RX,LE16,8RX
E01013810,"1,830",1,NG7  5JL,NG7, 5JL
E01013813,"3,259",1,NG1  4BL,NG1, 4BL
E01013816,"7,462",3,NG80 1FS,NG80,1FS
E01013817,145,1,NG8  3AP,NG8, 3AP
E01013827,"3,921",2,NG6  0NX,NG6, 0NX
E01013827,"3,921",2,NG5  1LX,NG5, 1LX
E01013860,"2,468",1,NG3  5WJ,NG3, 5WJ
E01013870,"5,362",2,NG2  1LX,NG2, 1LX
E01013895,"18,202",6,NG11 7FR,NG11,7FR
E01013914,"15,904",5,NG4  1HE,NG4, 1HE
E01013928,"17,109",6,NG90 1LZ,NG90,1LZ
E01013973,"16,250",5,NG9  2FZ,NG9, 2FZ
E01013986,"11,385",4,HR1  1BE,HR1, 1BE
E01013986,"11,385",4,HR4  9LR,HR4, 9LR
E01013991,"12,929",4,HR8  2RN,HR8, 2RN
E01013992,"8,406",3,HR2  7BF,HR2, 7BF
E01013998,"19,478",6,HR6  0AU,HR6, 0AU
E01013998,"19,478",6,SY8  4JG,SY8, 4JG
E01014000,"13,614",5,HR7  4PB,HR7, 4PB
E01014000,"13,614",5,WR6  6ED,WR6, 6ED
E01014000,"13,614",5,WR15 8RT,WR15,8RT
E01014008,"13,419",5,HR3  6DH,HR3, 6DH
E01014009,"12,513",4,HR5  3LB,HR5, 3LB
E01014015,"12,190",4,WR13 5JW,WR13,5JW
E01014021,"15,548",5,NP7  8HH,NP7, 8HH
E01014028,"20,409",7,WR14 2PY,WR14,2PY
E01014031,"14,723",5,HR9  6BZ,HR9, 6BZ
E01014031,"14,723",5,NP25 3SR,NP25,3SR
E01014031,"14,723",5,NP5  3SR,NP5, 3SR
E01014032,"16,309",5,GL17 9BH,GL17,9BH
E01014033,"10,472",4,LD8  2PS,LD8, 2PS
E01014051,"13,835",5,SY7  0BF,SY7, 0BF
E01014058,"17,968",6,GL18 1JP,GL18,1JP
E01014102,"29,226",9,TF1  6AE,TF1, 6AE
E01014102,"29,226",9,TF6  6DA,TF6, 6DA
E01014106,"10,030",4,TF3  1DP,TF3, 1DP
E01014111,"24,608",8,TF10 9EW,TF10,9EW
E01014111,"24,608",8,TF2  8JN,TF2, 8JN
E01014115,"3,610",2,TF7  4UQ,TF7, 4UQ
E01014119,"17,117",6,TF4  3LZ,TF4, 3LZ
E01014131,"20,450",7,TF9  2DW,TF9, 2DW
E01014136,"11,514",4,SY4  4JN,SY4, 4JN
E01014145,"7,715",3,TF13 6WH,TF13,6WH
E01014145,"7,715",3,TF5  0YB,TF5, 0YB
E01014148,"20,341",7,TF8  7PE,TF8, 7PE
E01014153,"7,563",3,TF11 9WS,TF11,9WS
E01014162,"3,682",2,TF12 5WA,TF12,5WA
E01014192,"10,157",4,WV99 1AA,WV99,1AA
E01014210,"1,901",1,ST2  8NS,ST2, 8NS
E01014213,"2,863",1,ST1  6AT,ST1, 6AT
E01014214,"23,632",8,ST9  9NG,ST9, 9NG
E01014229,"2,216",1,ST3  5EU,ST3, 5EU
E01014234,"3,619",2,ST4  4TN,ST4, 4TN
E01014236,"6,058",2,ST12 9BF,ST12,9BF
E01014241,"5,436",2,ST6  6NF,ST6, 6NF
E01014257,"7,193",3,ST8  7QB,ST8, 7QB
E01014258,"25,813",8,ST7  4GY,ST7, 4GY
E01014285,"5,538",2,ST5  0UA,ST5, 0UA
E01014307,"1,995",1,ST11 9LJ,ST11,9LJ
E01014370,"8,999",3,BA1  0AF,BA1, 0AF
E01014370,"8,999",3,BA2  4AN,BA2, 4AN
E01014371,"16,048",5,BA11 5NY,BA11,5NY
E01014371,"16,048",5,BA15 1WS,BA15,1WS
E01014371,"16,048",5,BA3  2ER,BA3, 2ER
E01014382,"28,637",9,BS14 0BU,BS14,0BU
E01014382,"28,637",9,BS18 6NJ,BS18,6NJ
E01014382,"28,637",9,BS40 8EA,BS40,8EA
E01014382,"28,637",9,BS41 8NR,BS41,8NR
E01014382,"28,637",9,BS39 4EU,BS39,4EU
E01014392,"18,441",6,BS31 2SH,BS31,2SH
E01014485,"11,727",4,BS2  9BB,BS2, 9BB
E01014485,"11,727",4,BS6  5JD,BS6, 5JD
E01014487,"16,452",6,BS7  0WY,BS7, 0WY
E01014489,"5,318",2,BS1  3RY,BS1, 3RY
E01014491,"19,934",7,BS99 7LX,BS99,7LX
E01014492,"6,812",3,BS11 0EF,BS11,0EF
E01014498,"7,982",3,BS10 7SL,BS10,7SL
E01014500,"11,395",4,BS13 7AA,BS13,7AA
E01014500,"11,395",4,BS3  2SA,BS3, 2SA
E01014523,"10,551",4,BS4  4FG,BS4, 4FG
E01014538,"22,829",7,BS8  1AU,BS8, 1AU
E01014544,"24,110",8,BS15 4UZ,BS15,4UZ
E01014558,"18,044",6,BS5  0YQ,BS5, 0YQ
E01014571,"10,832",4,BS16 1DA,BS16,1DA
E01014615,"32,150",10,BS9  4PX,BS9, 4PX
E01014693,"25,812",8,BS34 7DU,BS34,7DU
E01014737,"32,815",10,BS19 1DA,BS19,1DA
E01014737,"32,815",10,BS48 3HB,BS48,3HB
E01014741,"24,494",8,BS25 1AA,BS25,1AA
E01014742,"32,170",10,BS28 4ZQ,BS28,4ZQ
E01014742,"32,170",10,BS29 6WA,BS29,6WA
E01014744,"19,752",7,BS24 8PF,BS24,8PF
E01014744,"19,752",7,BS26 2XD,BS26,2XD
E01014750,"17,243",6,BS21 6PB,BS21,6PB
E01014764,"18,809",6,BS49 5AE,BS49,5AE
E01014766,"25,357",8,BS20 0HL,BS20,0HL
E01014772,"19,967",7,BS23 4TZ,BS23,4TZ
E01014773,"24,424",8,BS22 7RR,BS22,7RR
E01014810,"6,508",2,BS0  1ZZ,BS0, 1ZZ
E01014810,"6,508",2,BS80 8AA,BS80,8AA
E01014861,"15,709",5,BS12 5XA,BS12,5XA
E01014861,"15,709",5,BS35 5RF,BS35,5RF
E01014861,"15,709",5,BS32 4DF,BS32,4DF
E01014865,"19,238",6,BS30 6EE,BS30,6EE
E01014867,"24,060",8,BS17 3PH,BS17,3PH
E01014868,"23,354",8,BS37 8QE,BS37,8QE
E01014868,"23,354",8,BS36 2FE,BS36,2FE
E01014869,"31,600",10,SN14 8AA,SN14,8AA
E01014884,"20,180",7,GL12 8AY,GL12,8AY
E01014890,"23,721",8,GL9  1AJ,GL9, 1AJ
E01014962,"21,562",7,GL13 9DR,GL13,9DR
E01015023,"3,752",2,PL5  4DL,PL5, 4DL
E01015023,"3,752",2,PL6  5ES,PL6, 5ES
E01015031,"10,787",4,PL1  1XT,PL1, 1XT
E01015031,"10,787",4,PL3  4SP,PL3, 4SP
E01015031,"10,787",4,PL4  7BE,PL4, 7BE
E01015039,"17,788",6,PL2  2AN,PL2, 2AN
E01015095,"8,462",3,PL7  4NQ,PL7, 4NQ
E01015126,"28,676",9,PL9  8JU,PL9, 8JU
E01015135,"13,371",5,PL8  1BB,PL8, 1BB
E01015136,"19,182",6,PL95 8AA,PL95,8AA
E01015183,"10,935",4,TQ5  9AP,TQ5, 9AP
E01015190,"5,177",2,TQ3  3GS,TQ3, 3GS
E01015190,"5,177",2,TQ4  7GE,TQ4, 7GE
E01015207,"16,985",6,TQ2  6EB,TQ2, 6EB
E01015214,"2,691",1,TQ1  1HX,TQ1, 1HX
E01015253,"21,904",7,TQ12 4SU,TQ12,4SU
E01015272,"22,492",7,BH5  1LH,BH5, 1LH
E01015273,"6,665",3,BH7  6JS,BH7, 6JS
E01015273,"6,665",3,BH6  5NS,BH6, 5NS
E01015275,"14,447",5,BH1  3JL,BH1, 3JL
E01015283,"7,828",3,BH2  6EG,BH2, 6EG
E01015285,"8,418",3,BH8  8AA,BH8, 8AA
E01015288,"3,481",2,BH3  7YL,BH3, 7YL
E01015301,"15,111",5,BH10 5JD,BH10,5JD
E01015302,"13,802",5,BH11 9HE,BH11,9HE
E01015308,"9,432",3,BH9  3QF,BH9, 3QF
E01015344,"23,702",8,BH4  9YT,BH4, 9YT
E01015371,"8,273",3,BH13 6BJ,BH13,6BJ
E01015379,"4,570",2,BH12 5AD,BH12,5AD
E01015382,"11,152",4,BH17 0YB,BH17,0YB
E01015382,"11,152",4,BH18 8EF,BH18,8EF
E01015390,"11,821",4,BH14 9BN,BH14,9BN
E01015399,"31,895",10,BH21 3BY,BH21,3BY
E01015423,"13,809",5,BH15 4FD,BH15,4FD
E01015427,"13,677",5,BH16 5AB,BH16,5AB
E01015471,"29,337",9,SN2  3GD,SN2, 3GD
E01015471,"29,337",9,SN25 2DN,SN25,2DN
E01015473,"26,343",9,SN6  7SD,SN6, 7SD
E01015473,"26,343",9,SN3  4AG,SN3, 4AG
E01015473,"26,343",9,SN26 7ER,SN26,7ER
E01015475,"11,913",4,SN1  1HN,SN1, 1HN
E01015476,"4,377",2,SN38 2AD,SN38,2AD
E01015476,"4,377",2,SN99 9AB,SN99,9AB
E01015478,"18,103",6,SN5  8WF,SN5, 8WF
E01015488,"8,561",3,SN4  0JH,SN4, 0JH
E01015501,"26,769",9,SN17 2QN,SN17,2QN
E01015548,"27,913",9,SN8  2JY,SN8, 2JY
E01015589,"24,196",8,PE6  7BL,PE6, 7BL
E01015591,"13,629",5,PE3  8ER,PE3, 8ER
E01015596,"4,314",2,PE4  6FR,PE4, 6FR
E01015599,"4,046",2,PE1  9ST,PE1, 9ST
E01015599,"4,046",2,PE2  5HW,PE2, 5HW
E01015618,"12,272",4,PE13 4AY,PE13,4AY
E01015626,"24,729",8,PE8  6EF,PE8, 6EF
E01015627,"22,325",7,PE5  7BQ,PE5, 7BQ
E01015644,"17,949",6,PE17 5SA,PE17,5SA
E01015644,"17,949",6,PE7  3UG,PE7, 3UG
E01015686,"19,886",7,CB1  0AR,CB1, 0AR
E01015686,"19,886",7,CB2  3HQ,CB2, 3HQ
E01015686,"19,886",7,CB23 7WD,CB23,7WD
E01015686,"19,886",7,PE99 1AA,PE99,1AA
E01015693,"26,014",8,LU2  7HT,LU2, 7HT
E01015694,"22,770",7,LU3  1LW,LU3, 1LW
E01015698,"4,152",2,LU1  1EP,LU1, 1EP
E01015703,"4,779",2,LU4  8JA,LU4, 8JA
E01015753,"13,483",5,HP23 4QF,HP23,4QF
E01015793,"12,973",4,LU7  3SH,LU7, 3SH
E01015814,"14,924",5,SS9  2AF,SS9, 2AF
E01015820,"4,011",2,SS0  0BP,SS0, 0BP
E01015839,"6,034",2,SS1  2EU,SS1, 2EU
E01015839,"6,034",2,SS2  4GX,SS2, 4GX
E01015841,"1,326",1,SS99 0YY,SS99,0YY
E01015866,"18,858",6,SS22 8DE,SS22,8DE
E01015876,"20,816",7,SS3  9GB,SS3, 9GB
E01015898,"4,403",2,SS4  3QY,SS4, 3QY
E01015921,"6,562",2,RM16 1RG,RM16,1RG
E01015921,"6,562",2,RM19 1SE,RM19,1SE
E01015935,"8,243",3,RM17 6HH,RM17,6HH
E01015943,"18,384",6,SS16 5LA,SS16,5LA
E01015943,"18,384",6,SS17 7NN,SS17,7NN
E01015946,"21,773",7,SS12 0RJ,SS12,0RJ
E01015947,"10,362",4,RM18 8UT,RM18,8UT
E01015951,"13,516",5,RM20 4XQ,RM20,4XQ
E01016016,"7,578",3,ME4  4RX,ME4, 4RX
E01016026,"29,727",10,ME2  1DD,ME2, 1DD
E01016030,"8,553",3,ME7  2TQ,ME7, 2TQ
E01016048,"11,512",4,ME5  7AZ,ME5, 7AZ
E01016050,"30,574",10,ME8  0TY,ME8, 0TY
E01016070,"9,858",4,ME3  8RP,ME3, 8RP
E01016103,"26,391",9,ME9  7UY,ME9, 7UY
E01016110,"6,047",2,ME1  1BA,ME1, 1BA
E01016130,"12,530",4,ME99 1AA,ME99,1AA
E01016180,"27,260",9,SL5  8TZ,SL5, 8TZ
E01016181,"28,317",9,GU19 5PN,GU19,5PN
E01016181,"28,317",9,RG12 9UB,RG12,9UB
E01016181,"28,317",9,RG42 3SW,RG42,3SW
E01016184,"29,757",10,RG11 3DA,RG11,3DA
E01016184,"29,757",10,RG40 3DJ,RG40,3DJ
E01016186,"26,092",8,RG10 0QF,RG10,0QF
E01016192,"23,365",8,GU17 8DP,GU17,8DP
E01016192,"23,365",8,GU47 9AA,GU47,9AA
E01016193,"29,238",9,GU15 4EA,GU15,4EA
E01016194,"32,635",10,RG45 7PP,RG45,7PP
E01016228,"31,240",10,GU46 6FP,GU46,6FP
E01016252,"23,071",8,SL4  2HA,SL4, 2HA
E01016254,"18,744",6,RG26 6QY,RG26,6QY
E01016254,"18,744",6,RG7  4PP,RG7, 4PP
E01016255,"26,754",9,RG15 8ED,RG15,8ED
E01016255,"26,754",9,RG19 4NN,RG19,4NN
E01016256,"28,597",9,RG8  8AH,RG8, 8AH
E01016258,"28,007",9,RG3  5HJ,RG3, 5HJ
E01016258,"28,007",9,RG31 4ES,RG31,4ES
E01016260,"29,885",10,RG30 4QZ,RG30,4QZ
E01016263,"27,019",9,RG18 0UL,RG18,0UL
E01016263,"27,019",9,RG16 0UL,RG16,0UL
E01016265,"25,790",8,RG13 4JX,RG13,4JX
E01016277,"25,062",8,RG20 8TW,RG20,8TW
E01016277,"25,062",8,RG14 3AN,RG14,3AN
E01016287,"17,875",6,OX12 8NH,OX12,8NH
E01016287,"17,875",6,RG17 7DL,RG17,7DL
E01016339,"24,626",8,RG1  9WX,RG1, 9WX
E01016355,"20,748",7,RG4  8AG,RG4, 8AG
E01016368,"3,882",2,RG2  7LU,RG2, 7LU
E01016370,"22,535",7,RG6  6HA,RG6, 6HA
E01016442,"9,492",3,RG27 7NE,RG27,7NE
E01016442,"9,492",3,RG5  3SD,RG5, 3SD
E01016444,"9,531",3,SL1  3LL,SL1, 3LL
E01016444,"9,531",3,SL2  1JX,SL2, 1JX
E01016456,"7,967",3,SL3  7BF,SL3, 7BF
E01016468,"24,239",8,SL6  0XW,SL6, 0XW
E01016492,"17,213",6,SL95 1DX,SL95,1DX
E01016506,"18,092",6,SL0  9XS,SL0, 9XS
E01016531,"28,458",9,SL7  1RE,SL7, 1RE
E01016533,"32,565",10,SL8  5RG,SL8, 5RG
E01016576,"28,447",9,TW18 4TS,TW18,4TS
E01016579,"20,638",7,RG9  3EB,RG9, 3EB
E01016610,"25,039",8,RG41 5BD,RG41,5BD
E01016710,"11,648",4,MK1  1XU,MK1, 1XU
E01016710,"11,648",4,MK2  2DF,MK2, 2DF
E01016711,"25,604",8,MK3  5AP,MK3, 5AP
E01016716,"11,207",4,MK4  3WU,MK4, 3WU
E01016716,"11,207",4,MK5  6XZ,MK5, 6XZ
E01016716,"11,207",4,MK77 1ST,MK77,1ST
E01016717,"12,012",4,MK13 7PH,MK13,7PH
E01016718,"3,373",2,MK14 7YG,MK14,7YG
E01016719,"20,067",7,MK12 5YL,MK12,5YL
E01016723,"25,119",8,MK11 3DW,MK11,3DW
E01016723,"25,119",8,MK9  3JD,MK9, 3JD
E01016725,"11,061",4,MK6  2NA,MK6, 2NA
E01016731,"15,455",5,MK15 0ED,MK15,0ED
E01016734,"22,588",7,MK17 8DY,MK17,8DY
E01016734,"22,588",7,MK7  8AA,MK7, 8AA
E01016755,"24,263",8,MK16 0QB,MK16,0QB
E01016759,"23,522",8,MK19 7PB,MK19,7PB
E01016759,"23,522",8,NN7  2JP,NN7, 2JP
E01016773,"27,468",9,MK43 8AX,MK43,8AX
E01016774,"25,571",8,MK8  9AA,MK8, 9AA
E01016783,"22,815",7,MK10 0AT,MK10,0AT
E01016793,"28,489",9,MK46 5WA,MK46,5WA
E01016800,"28,558",9,NN9  7NP,NN9, 7NP
E01016800,"28,558",9,NN8  7NP,NN8, 7NP
E01016804,"7,774",3,MK98 1AA,MK98,1AA
E01016849,"14,825",5,BN3  1JJ,BN3, 1JJ
E01016850,"12,227",4,BN1  2PB,BN1, 2PB
E01016859,"19,528",6,BN52 9SL,BN52,9SL
E01016861,"8,135",3,BN2  1DP,BN2, 1DP
E01016881,"7,245",3,BN4  1XW,BN4, 1XW
E01016916,"21,094",7,BN41 2WN,BN41,2WN
E01016936,"22,962",7,BN88 1PR,BN88,1PR
E01016949,"3,761",2,BN6  8XW,BN6, 8XW
E01016952,"7,483",3,BN50 8SA,BN50,8SA
E01016960,"20,501",7,BN51 9AA,BN51,9AA
E01016969,"5,040",2,BN45 7BE,BN45,7BE
E01016994,"13,161",5,BN42 4QY,BN42,4QY
E01017013,"13,264",5,PO3  5FG,PO3, 5FG
E01017020,"9,199",3,PO4  8YH,PO4, 8YH
E01017022,"13,074",4,PO5  1JU,PO5, 1JU
E01017031,608,1,PO1  1PX,PO1, 1PX
E01017032,"3,580",2,PO2  8YL,PO2, 8YL
E01017050,"20,208",7,PO6  2HZ,PO6, 2HZ
E01017061,"28,351",9,PO7  5AU,PO7, 5AU
E01017116,"6,452",2,PO17 6AR,PO17,6AR
E01017136,"14,084",5,SO1  0WD,SO1, 0WD
E01017136,"14,084",5,SO15 1DB,SO15,1DB
E01017136,"14,084",5,SO9  1XE,SO9, 1XE
E01017138,"17,419",6,SO14 7AH,SO14,7AH
E01017139,"4,497",2,SO2  0AA,SO2, 0AA
E01017140,"6,247",2,SO18 9SW,SO18,9SW
E01017140,"6,247",2,SO16 7ZA,SO16,7ZA
E01017149,"6,074",2,SO17 1TU,SO17,1TU
E01017162,"11,066",4,SO19 6PY,SO19,6PY
E01017174,"19,333",6,SO3  3HY,SO3, 3HY
E01017194,"7,818",3,SO45 5XS,SO45,5XS
E01017194,"7,818",3,SO4  6WA,SO4, 6WA
E01017282,"13,271",5,PO33 2XF,PO33,2XF
E01017284,"26,782",9,PO35 5TS,PO35,5TS
E01017285,"21,073",7,PO36 8QT,PO36,8QT
E01017290,"11,519",4,PO31 8NB,PO31,8NB
E01017290,"11,519",4,PO38 2LW,PO38,2LW
E01017290,"11,519",4,PO41 0UD,PO41,0UD
E01017290,"11,519",4,PO30 4AB,PO30,4AB
E01017307,"16,069",5,PO32 6PU,PO32,6PU
E01017312,"11,457",4,PO40 9BQ,PO40,9BQ
E01017312,"11,457",4,PO39 0LJ,PO39,0LJ
E01017320,"18,329",6,PO37 7EX,PO37,7EX
E01017345,"4,220",2,PO34 5YU,PO34,5YU
E01017371,"32,765",10,MK45 2HG,MK45,2HG
E01017376,"25,153",8,SG15 6AF,SG15,6AF
E01017381,"28,859",9,SG18 8HA,SG18,8HA
E01017389,"27,611",9,SG6  4YX,SG6, 4YX
E01017391,"18,199",6,SG16 6AL,SG16,6AL
E01017391,"18,199",6,SG17 5HA,SG17,5HA
E01017408,"31,403",10,LU5  6LA,LU5, 6LA
E01017423,"20,548",7,MK44 3LY,MK44,3LY
E01017423,"20,548",7,PE19 4YF,PE19,4YF
E01017423,"20,548",7,SG19 2BA,SG19,2BA
E01017425,"24,612",8,SG7  5JL,SG7, 5JL
E01017425,"24,612",8,SG8  0LF,SG8, 0LF
E01017442,"30,270",10,SG5  3SD,SG5, 3SD
E01017453,"7,936",3,MK41 7AJ,MK41,7AJ
E01017456,"30,391",10,MK40 2UR,MK40,2UR
E01017466,"2,305",1,MK42 0EZ,MK42,0EZ
E01017503,"18,176",6,NN10 0SG,NN10,0SG
E01017503,"18,176",6,NN29 7GB,NN29,7GB
E01017540,"19,345",6,PE18 0LH,PE18,0LH
E01017540,"19,345",6,PE28 0LX,PE28,0LX
E01017555,"10,975",4,LU95 1AA,LU95,1AA
E01017561,"24,376",8,AL3  8QE,AL3, 8QE
E01017561,"24,376",8,LU6  3QP,LU6, 3QP
E01017564,"20,155",7,AL5  3QF,AL5, 3QF
E01017587,"21,609",7,HP4  1QR,HP4, 1QR
E01017627,"23,590",8,HP22 5EJ,HP22,5EJ
E01017631,"31,515",10,HP21 9HQ,HP21,9HQ
E01017631,"31,515",10,HP18 0HY,HP18,0HY
E01017631,"31,515",10,HP27 0YR,HP27,0YR
E01017634,"15,569",5,HP20 1AL,HP20,1AL
E01017642,"19,996",7,OX33 1DE,OX33,1DE
E01017642,"19,996",7,OX9  1DE,OX9, 1DE
E01017642,"19,996",7,OX5  2RG,OX5, 2RG
E01017644,"29,502",9,MK18 7AB,MK18,7AB
E01017653,"24,291",8,HP19 7FA,HP19,7FA
E01017653,"24,291",8,HP17 8FA,HP17,8FA
E01017693,"27,750",9,OX6  0GT,OX6, 0GT
E01017693,"27,750",9,OX27 0HN,OX27,0HN
E01017717,"18,879",6,NN13 7JP,NN13,7JP
E01017726,"25,757",8,HP16 9PW,HP16,9PW
E01017739,"32,681",10,HP7  9ES,HP7, 9ES
E01017739,"32,681",10,HP6  6JX,HP6, 6JX
E01017740,"29,621",10,HP5  1TS,HP5, 1TS
E01017742,"32,488",10,HP8  4AY,HP8, 4AY
E01017751,"32,778",10,SL9  8JA,SL9, 8JA
E01017759,"28,155",9,HP9  2ST,HP9, 2ST
E01017773,"31,116",10,HP15 6XF,HP15,6XF
E01017783,"26,684",9,HP10 8LE,HP10,8LE
E01017836,"26,057",8,HP11 2AP,HP11,2AP
E01017836,"26,057",8,HP12 3FZ,HP12,3FZ
E01017837,"15,005",5,HP13 5FX,HP13,5FX
E01017838,"25,718",8,HP14 3YS,HP14,3YS
E01017842,"26,459",9,OX39 4BH,OX39,4BH
E01017877,"28,219",9,OX14 4XQ,OX14,4XQ
E01017878,"20,302",7,OX11 0TE,OX11,0TE
E01017885,"30,478",10,OX2  9XW,OX2, 9XW
E01017915,"21,944",7,OX49 5HZ,OX49,5HZ
E01017943,"19,496",6,CB21 4WT,CB21,4WT
E01017943,"19,496",6,CB22 3BA,CB22,3BA
E01017943,"19,496",6,CB25 0WA,CB25,0WA
E01017943,"19,496",6,CB3  6DA,CB3, 6DA
E01017943,"19,496",6,CB24 4WY,CB24,4WY
E01017943,"19,496",6,CB4  6YW,CB4, 6YW
E01017943,"19,496",6,CB5  0AX,CB5, 0AX
E01018011,"22,741",7,CB10 1RU,CB10,1RU
E01018011,"22,741",7,CB8  0GG,CB8, 0GG
E01018020,"17,086",6,CB6  2RY,CB6, 2RY
E01018024,"12,612",4,CB7  4ZL,CB7, 4ZL
E01018035,"15,927",5,IP28 8LE,IP28,8LE
E01018044,"11,278",4,PE38 0PP,PE38,0PP
E01018045,"16,555",6,PE14 9TG,PE14,9TG
E01018059,"14,705",5,PE26 2SQ,PE26,2SQ
E01018060,"11,627",4,PE15 0HT,PE15,0HT
E01018062,"13,044",4,PE16 6AY,PE16,6AY
E01018090,"6,929",3,PE12 0QU,PE12,0QU
E01018118,"29,870",10,PE29 2WL,PE29,2WL
E01018121,"32,711",10,PE27 4AA,PE27,4AA
E01018308,"15,839",5,CH3  7JW,CH3, 7JW
E01018308,"15,839",5,CH2  4JS,CH2, 4JS
E01018308,"15,839",5,WA6  0AF,WA6, 0AF
E01018309,"9,887",4,CH1  5DF,CH1, 5DF
E01018327,"6,304",2,CH4  0ZW,CH4, 0ZW
E01018327,"6,304",2,CH88 3AQ,CH88,3AQ
E01018327,"6,304",2,CH99 1AA,CH99,1AA
E01018330,"22,512",7,CH70 8AY,CH70,8AY
E01018337,"10,303",4,CH66 2PY,CH66,2PY
E01018349,"30,877",10,CW6  0GN,CW6, 0GN
E01018355,"19,176",6,SY14 7DQ,SY14,7DQ
E01018356,"18,978",6,SY13 4JH,SY13,4JH
E01018360,"21,565",7,L66  8PA,L66, 8PA
E01018393,"20,096",7,CW11 0WA,CW11,0WA
E01018393,"20,096",7,CW12 1TT,CW12,1TT
E01018394,"17,907",6,CW10 0HE,CW10,0HE
E01018394,"17,907",6,CW4  7FU,CW4, 7FU
E01018411,"30,406",10,WA16 9LD,WA16,9LD
E01018412,"22,516",7,SK11 9FT,SK11,9FT
E01018444,"15,533",5,CW5  5GS,CW5, 5GS
E01018445,"3,221",1,CW2  5AA,CW2, 5AA
E01018449,"22,879",7,CW3  0HL,CW3, 0HL
E01018457,"21,757",7,CW1  1DA,CW1, 1DA
E01018480,"15,991",5,CW7  4BH,CW7, 4BH
E01018501,"15,561",5,CW98 1AD,CW98,1AD
E01018521,"2,117",1,CH34 9SA,CH34,9SA
E01018534,"8,936",3,CH33 9AJ,CH33,9AJ
E01018586,"22,997",8,SK23 7RE,SK23,7RE
E01018598,"23,872",8,CW9  6LE,CW9, 6LE
E01018671,"32,025",10,CW8  4LU,CW8, 4LU
E01018750,"17,268",6,PL17 7BJ,PL17,7BJ
E01018752,"18,718",6,PL18 9ZX,PL18,9ZX
E01018756,"13,989",5,PL12 6TA,PL12,6TA
E01018757,"12,709",4,PL11 3DP,PL11,3DP
E01018757,"12,709",4,PL13 1QL,PL13,1QL
E01018758,"11,357",4,PL14 4FL,PL14,4FL
E01018766,"10,528",4,PL23 1LX,PL23,1LX
E01018766,"10,528",4,PL22 0QN,PL22,0QN
E01018766,"10,528",4,PL30 4RA,PL30,4RA
E01018777,"12,624",4,PL15 9QJ,PL15,9QJ
E01018780,"13,254",5,PL10 1XJ,PL10,1XJ
E01018803,"18,930",6,TR11 3LB,TR11,3LB
E01018807,"20,313",7,TR1  1UQ,TR1, 1UQ
E01018807,"20,313",7,TR2  4YF,TR2, 4YF
E01018807,"20,313",7,TR3  6WD,TR3, 6WD
E01018807,"20,313",7,TR4  8FA,TR4, 8FA
E01018807,"20,313",7,TR5  0YG,TR5, 0YG
E01018809,"9,388",3,PL25 4YF,PL25,4YF
E01018815,"9,217",3,TR8  4PN,TR8, 4PN
E01018820,"11,985",4,TR16 5BL,TR16,5BL
E01018827,"20,955",7,TR10 9LD,TR10,9LD
E01018833,"14,225",5,TR6  0AD,TR6, 0AD
E01018847,"14,320",5,PL26 7SD,PL26,7SD
E01018861,"10,091",4,TR13 0RL,TR13,0RL
E01018862,"11,765",4,TR20 9JE,TR20,9JE
E01018862,"11,765",4,TR18 2UB,TR18,2UB
E01018863,"10,994",4,TR14 9PF,TR14,9PF
E01018864,"14,902",5,TR27 6AG,TR27,6AG
E01018865,"5,706",2,TR15 3RB,TR15,3RB
E01018880,"11,915",4,TR12 6TR,TR12,6TR
E01018924,"10,815",4,PL27 6BN,PL27,6BN
E01018926,"10,761",4,PL31 2AZ,PL31,2AZ
E01018926,"10,761",4,PL32 9PZ,PL32,9PZ
E01018935,"15,712",5,PL29 3WZ,PL29,3WZ
E01018936,"14,737",5,EX23 0DA,EX23,0DA
E01018940,"14,180",5,PL33 9AH,PL33,9AH
E01018941,"10,026",4,PL34 0EJ,PL34,0EJ
E01018943,"13,350",5,EX22 7LB,EX22,7LB
E01018954,"11,103",4,PL28 8LP,PL28,8LP
E01018965,"11,091",4,PL16 0YE,PL16,0YE
E01018969,"12,296",4,PL35 0EW,PL35,0EW
E01018985,"17,710",6,TR26 2QJ,TR26,2QJ
E01018988,"11,770",4,TR17 0EW,TR17,0EW
E01018988,"11,770",4,TR93 0WA,TR93,0WA
E01018989,"8,143",3,TR19 6AT,TR19,6AT
E01018995,"2,147",1,TR21 0YH,TR21,0YH
E01019013,"11,785",4,PL24 2WA,PL24,2WA
E01019018,"22,039",7,TR7  2RL,TR7, 2RL
E01019028,"6,931",3,TR9  6YE,TR9, 6YE
E01019077,"21,789",7,TR22 0PL,TR22,0PL
E01019077,"21,789",7,TR23 0PR,TR23,0PR
E01019077,"21,789",7,TR24 0AD,TR24,0AD
E01019077,"21,789",7,TR25 0QL,TR25,0QL
E01019078,"29,950",10,CA13 9DB,CA13,9DB
E01019081,"8,141",3,CA7  1JS,CA7, 1JS
E01019081,"8,141",3,CA5  2EF,CA5, 2EF
E01019083,"18,218",6,CA12 4PT,CA12,4PT
E01019086,"24,557",8,CA15 7LA,CA15,7LA
E01019089,"9,823",3,CA14 1SQ,CA14,1SQ
E01019120,"10,902",4,CA95 1AB,CA95,1AB
E01019138,"4,426",2,LA14 5QU,LA14,5QU
E01019138,"4,426",2,LA13 0DJ,LA13,0DJ
E01019144,"15,046",5,LA16 7DT,LA16,7DT
E01019144,"15,046",5,LA15 8JP,LA15,8JP
E01019144,"15,046",5,LA12 0NR,LA12,0NR
E01019144,"15,046",5,LA17 7TU,LA17,7TU
E01019188,"15,695",5,CA3  9NY,CA3, 9NY
E01019190,"27,111",9,CA6  4SQ,CA6, 4SQ
E01019192,"26,891",9,CA2  7PS,CA2, 7PS
E01019196,"15,035",5,CA1  2BS,CA1, 2BS
E01019200,"19,070",6,CA8  1LS,CA8, 1LS
E01019212,"21,297",7,CA4  0PS,CA4, 0PS
E01019215,"9,042",3,CA99 1AA,CA99,1AA
E01019215,"9,042",3,CA9  3GD,CA9, 3GD
E01019228,"9,738",3,DG16 5HZ,DG16,5HZ
E01019229,"10,462",4,TD9  0TJ,TD9, 0TJ
E01019256,"17,669",6,CA26 3UR,CA26,3UR
E01019256,"17,669",6,CA25 5PZ,CA25,5PZ
E01019256,"17,669",6,CA28 8JQ,CA28,8JQ
E01019257,"10,467",4,CA21 2YH,CA21,2YH
E01019257,"10,467",4,CA22 2AL,CA22,2AL
E01019258,"21,880",7,CA20 1PF,CA20,1PF
E01019259,"14,089",5,CA19 1TN,CA19,1TN
E01019259,"14,089",5,CA18 1BR,CA18,1BR
E01019259,"14,089",5,LA19 5AB,LA19,5AB
E01019263,"2,821",1,CA23 3AE,CA23,3AE
E01019266,"9,037",3,CA24 3LF,CA24,3LF
E01019275,"16,789",6,CA27 0WZ,CA27,0WZ
E01019283,"12,658",4,LA18 4ER,LA18,4ER
E01019293,"10,166",4,LA20 6ET,LA20,6ET
E01019306,"17,803",6,CA16 6EA,CA16,6EA
E01019308,"17,790",6,CA10 2DR,CA10,2DR
E01019309,"13,280",5,CA17 4BX,CA17,4BX
E01019309,"13,280",5,LA10 5NF,LA10,5NF
E01019311,"22,092",7,CA11 0HX,CA11,0HX
E01019323,"17,742",6,DL12 0JA,DL12,0JA
E01019341,"30,645",10,LA5  0BA,LA5, 0BA
E01019341,"30,645",10,LA7  7HU,LA7, 7HU
E01019343,"25,245",8,LA6  1PB,LA6, 1PB
E01019346,"18,023",6,LA8  8LX,LA8, 8LX
E01019346,"18,023",6,LA9  6QS,LA9, 6QS
E01019349,"26,437",9,LA11 7LX,LA11,7LX
E01019350,"17,679",6,LA22 0BF,LA22,0BF
E01019350,"17,679",6,LA21 8DW,LA21,8DW
E01019375,"23,026",8,LA23 1HT,LA23,1HT
E01019400,"7,210",3,DE55 7SF,DE55,7SF
E01019400,"7,210",3,DE5  7EQ,DE5, 7EQ
E01019401,"8,491",3,DE56 1AJ,DE56,1AJ
E01019405,"19,130",6,DE4  5HH,DE4, 5HH
E01019405,"19,130",6,DE6  4AD,DE6, 4AD
E01019420,"9,167",3,NG16 4HG,NG16,4HG
E01019431,"11,193",4,DE75 7EZ,DE75,7EZ
E01019478,"28,226",9,S43  3DH,S43, 3DH
E01019483,"5,136",2,S44  6BX,S44, 6BX
E01019485,"10,055",4,NG20 9HU,NG20,9HU
E01019503,"10,099",4,NG19 7TB,NG19,7TB
E01019520,"15,093",5,S42  5SY,S42, 5SY
E01019520,"15,093",5,S45  8AB,S45, 8AB
E01019526,"11,796",4,S41  9LN,S41, 9LN
E01019531,"7,016",3,S40  1NS,S40, 1NS
E01019556,"5,048",2,S49  1HH,S49, 1HH
E01019599,"28,159",9,DE45 1AA,DE45,1AA
E01019602,"23,963",8,S33  9GZ,S33, 9GZ
E01019602,"23,963",8,SK17 8AQ,SK17,8AQ
E01019612,"22,598",7,ST14 5BS,ST14,5BS
E01019641,"29,216",9,NG10 5NE,NG10,5NE
E01019770,"20,105",7,S18  5SN,S18, 5SN
E01019837,"15,296",5,DE11 9HT,DE11,9HT
E01019839,"26,924",9,DE65 6LS,DE65,6LS
E01019843,"20,521",7,LE6  5UH,LE6, 5UH
E01019843,"20,521",7,LE65 1RF,LE65,1RF
E01019845,"28,258",9,DE13 9LY,DE13,9LY
E01019850,"29,045",9,DE12 6AX,DE12,6AX
E01019850,"29,045",9,DE15 9TX,DE15,9TX
E01019862,"18,090",6,DE14 3RN,DE14,3RN
E01019886,"15,059",5,EX13 5FS,EX13,5FS
E01019890,"25,191",8,EX10 0PF,EX10,0PF
E01019890,"25,191",8,EX12 3AB,EX12,3AB
E01019891,"17,168",6,EX15 2NA,EX15,2NA
E01019891,"17,168",6,EX5  3BY,EX5, 3BY
E01019892,"21,456",7,EX1  3GP,EX1, 3GP
E01019892,"21,456",7,EX4  0BA,EX4, 0BA
E01019893,"19,600",6,EX11 1LA,EX11,1LA
E01019894,"30,490",10,EX9  6PN,EX9, 6PN
E01019898,"23,543",8,EX2  7JJ,EX2, 7JJ
E01019898,"23,543",8,EX3  0RX,EX3, 0RX
E01019899,"20,381",7,EX24 6TJ,EX24,6TJ
E01019901,"16,041",5,EX14 9RL,EX14,9RL
E01019904,"15,696",5,EX8  4DJ,EX8, 4DJ
E01019938,"16,609",6,TA3  7RP,TA3, 7RP
E01019961,"24,250",8,DT7  3EG,DT7, 3EG
E01019967,"17,209",6,TA20 3ES,TA20,3ES
E01019995,"2,584",1,EX20 9AA,EX20,9AA
E01019995,"2,584",1,EX6  7ZH,EX6, 7ZH
E01020016,"4,908",2,EX7  0XW,EX7, 0XW
E01020041,"12,421",4,EX17 1EY,EX17,1EY
E01020044,"21,407",7,EX16 8HP,EX16,8HP
E01020046,"15,762",5,TA21 0JT,TA21,0JT
E01020046,"15,762",5,TA4  2BE,TA4, 2BE
E01020050,"15,788",5,TA22 9AZ,TA22,9AZ
E01020072,"14,201",5,EX18 7QU,EX18,7QU
E01020084,"14,862",5,EX31 2PU,EX31,2PU
E01020087,"12,276",4,EX36 3EE,EX36,3EE
E01020088,"14,227",5,EX32 7JG,EX32,7JG
E01020089,"26,090",8,EX33 2EU,EX33,2EU
E01020094,"1,770",1,EX37 9YU,EX37,9YU
E01020099,"15,963",5,EX34 0DD,EX34,0DD
E01020100,"11,603",4,EX35 6JN,EX35,6JN
E01020119,"17,073",6,EX39 4LX,EX39,4LX
E01020142,"17,320",6,PL21 0SF,PL21,0SF
E01020142,"17,320",6,TQ9  7QE,TQ9, 7QE
E01020142,"17,320",6,TQ7  4BQ,TQ7, 4BQ
E01020143,"15,727",5,TQ10 9LX,TQ10,9LX
E01020151,"28,659",9,TQ6  0BW,TQ6, 0BW
E01020157,"14,099",5,PL20 6SE,PL20,6SE
E01020157,"14,099",5,TQ11 0HB,TQ11,0HB
E01020157,"14,099",5,TQ13 7LE,TQ13,7LE
E01020169,"20,842",7,TQ8  8EW,TQ8, 8EW
E01020200,"25,452",8,TQ14 9TH,TQ14,9TH
E01020278,"14,289",5,EX38 7LD,EX38,7LD
E01020286,"8,426",3,EX21 5EB,EX21,5EB
E01020303,"15,322",5,EX19 8QA,EX19,8QA
E01020324,"15,521",5,PL19 0JU,PL19,0JU
E01020343,"26,360",9,BH23 7HP,BH23,7HP
E01020365,"21,597",7,BH22 8XJ,BH22,8XJ
E01020365,"21,597",7,BH24 2SA,BH24,2SA
E01020373,"27,814",9,SP6  3RB,SP6, 3RB
E01020389,"16,174",5,BH31 7LH,BH31,7LH
E01020389,"16,174",5,SP5  5QR,SP5, 5QR
E01020397,"19,598",6,DT11 8DH,DT11,8DH
E01020431,"15,102",5,DT2  7TY,DT2, 7TY
E01020432,"16,381",5,BH20 7JH,BH20,7JH
E01020433,"18,741",6,BA8  0SB,BA8, 0SB
E01020433,"18,741",6,DT10 2RY,DT10,2RY
E01020433,"18,741",6,DT9  5JF,DT9, 5JF
E01020440,"20,580",7,SP8  5DH,SP8, 5DH
E01020454,"14,643",5,SP7  0AD,SP7, 0AD
E01020466,"19,632",6,BH19 3AB,BH19,3AB
E01020490,"18,034",6,DT1  1AU,DT1, 1AU
E01020494,"19,225",6,DT8  3HS,DT8, 3HS
E01020497,"27,450",9,BA21 5BT,BA21,5BT
E01020497,"27,450",9,BA22 9UY,BA22,9UY
E01020498,"21,830",7,DT6  3DT,DT6, 3DT
E01020506,"13,583",5,TA18 8PL,TA18,8PL
E01020512,"14,016",5,DT3  4JF,DT3, 4JF
E01020514,"26,048",8,DT4  9UX,DT4, 9UX
E01020562,"15,982",5,DT5  1EB,DT5, 1EB
E01020590,"14,606",5,DH1  1YD,DH1, 1YD
E01020604,"13,645",5,DH7  6DY,DH7, 6DY
E01020627,"21,720",7,DH8  0HZ,DH8, 0HZ
E01020646,"10,498",4,DL13 4HS,DL13,4HS
E01020662,"9,644",3,DL16 7QB,DL16,7QB
E01020684,"21,846",7,DH6  5JJ,DH6, 5JJ
E01020685,"19,844",7,DL15 9AP,DL15,9AP
E01020690,"23,181",8,DH99 1YZ,DH99,1YZ
E01020690,"23,181",8,DH97 1AA,DH97,1AA
E01020700,"6,400",2,DL17 9DX,DL17,9DX
E01020700,"6,400",2,TS29 6NR,TS29,6NR
E01020733,"5,198",2,SR8  2DY,SR8, 2DY
E01020746,"10,180",4,SR88 1AA,SR88,1AA
E01020772,"14,038",5,TS28 5NS,TS28,5NS
E01020802,"4,518",2,DL14 6WR,DL14,6WR
E01020862,"23,996",8,DL10 4YG,DL10,4YG
E01020863,"16,874",6,DL11 7HF,DL11,7HF
E01020910,"4,433",2,BN22 7BS,BN22,7BS
E01020911,"3,330",2,BN21 3LJ,BN21,3LJ
E01020920,"2,882",1,BN23 6BF,BN23,6BF
E01020931,"23,897",8,BN20 7RQ,BN20,7RQ
E01020969,"14,515",5,TN37 7AL,TN37,7AL
E01020970,"22,507",7,TN38 8AW,TN38,8AW
E01020971,"10,549",4,TN34 1AT,TN34,1AT
E01020972,89,1,TN35 4NN,TN35,4NN
E01021022,"20,118",7,BN7  3PT,BN7, 3PT
E01021022,"20,118",7,BN8  4FE,BN8, 4FE
E01021023,"28,574",9,RH15 0RD,RH15,0RD
E01021023,"28,574",9,RH16 4QU,RH16,4QU
E01021023,"28,574",9,RH17 7BF,RH17,7BF
E01021025,"22,372",7,TN22 3QE,TN22,3QE
E01021028,"27,181",9,BN10 7LD,BN10,7LD
E01021028,"27,181",9,BN9  7RY,BN9, 7RY
E01021057,"9,903",4,BN25 2UN,BN25,2UN
E01021084,"14,244",5,TN32 5GE,TN32,5GE
E01021084,"14,244",5,TN33 0AA,TN33,0AA
E01021087,"18,766",6,TN31 6BE,TN31,6BE
E01021087,"18,766",6,TN36 4JX,TN36,4JX
E01021090,"8,990",3,TN39 3HY,TN39,3HY
E01021090,"8,990",3,TN40 1DY,TN40,1DY
E01021098,"22,674",7,TN19 7JQ,TN19,7JQ
E01021099,"17,402",6,TN21 9JE,TN21,9JE
E01021114,"15,253",5,TN18 5PP,TN18,5PP
E01021125,"17,576",6,BN24 6PP,BN24,6PP
E01021139,"15,925",5,TN5  7LX,TN5, 7LX
E01021142,"22,679",7,BN27 3GB,BN27,3GB
E01021142,"22,679",7,BN26 6XB,BN26,6XB
E01021145,"18,765",6,TN20 6JH,TN20,6JH
E01021145,"18,765",6,TN6  3SU,TN6, 3SU
E01021151,"28,998",9,TN7  4LT,TN7, 4LT
E01021163,"24,042",8,RH18 5JN,RH18,5JN
E01021168,"28,267",9,RH19 4JG,RH19,4JG
E01021169,"23,088",8,TN3  9UA,TN3, 9UA
E01021169,"23,088",8,TN8  7DY,TN8, 7DY
E01021171,"25,251",8,TN2  5JW,TN2, 5JW
E01021237,"30,425",10,CM11 1EL,CM11,1EL
E01021237,"30,425",10,CM12 0RS,CM12,0RS
E01021238,"28,799",9,CM4  9PN,CM4, 9PN
E01021260,"11,119",4,SS14 3DJ,SS14,3DJ
E01021260,"11,119",4,SS15 4FG,SS15,4FG
E01021269,"9,155",3,SS13 1BP,SS13,1BP
E01021312,"8,452",3,SS7  5BN,SS7, 5BN
E01021329,"13,181",5,SS11 7AU,SS11,7AU
E01021344,"19,776",7,SS6  7UA,SS6, 7UA
E01021347,"23,983",8,CM77 8AR,CM77,8AR
E01021347,"23,983",8,CM8  1ST,CM8, 1ST
E01021347,"23,983",8,CM7  8FA,CM7, 8FA
E01021348,"17,352",6,CM3  2BH,CM3, 2BH
E01021361,"21,339",7,CO6  1NZ,CO6, 1NZ
E01021375,"24,317",8,CB9  7BY,CB9, 7BY
E01021376,"26,940",9,CO9  4BS,CO9, 4BS
E01021377,"23,612",8,CO5  9HQ,CO5, 9HQ
E01021396,"23,577",8,CM9  6SB,CM9, 6SB
E01021398,"19,122",6,CO10 7EG,CO10,7EG
E01021404,"17,985",6,CM6  3TH,CM6, 3TH
E01021407,"19,800",7,CO8  5FA,CO8, 5FA
E01021431,"29,617",10,CM15 9AF,CM15,9AF
E01021443,"15,771",5,CM5  9PA,CM5, 9PA
E01021484,"13,252",5,SS8  0JJ,SS8, 0JJ
E01021537,"25,971",8,CM2  5PH,CM2, 5PH
E01021540,"20,577",7,CM1  4TL,CM1, 4TL
E01021544,"24,911",8,CM99 2EP,CM99,2EP
E01021637,"10,380",4,CO2  7PJ,CO2, 7PJ
E01021644,"13,815",5,CO3  5SP,CO3, 5SP
E01021646,"20,965",7,CO1  1BB,CO1, 1BB
E01021648,"11,720",4,CO4  3BF,CO4, 3BF
E01021648,"11,720",4,CO7  7JY,CO7, 7JY
E01021741,"15,182",5,CM18 7JG,CM18,7JG
E01021741,"15,182",5,CM19 5DR,CM19,5DR
E01021741,"15,182",5,CM16 4DJ,CM16,4DJ
E01021746,"28,596",9,IG10 4HL,IG10,4HL
E01021768,"15,577",5,CM22 7LD,CM22,7LD
E01021768,"15,577",5,CM17 0QE,CM17,0QE
E01021792,"22,498",7,EN10 6SS,EN10,6SS
E01021792,"22,498",7,EN11 0BJ,EN11,0BJ
E01021795,"25,590",8,CM21 0WW,CM21,0WW
E01021839,"10,584",4,CM20 1AT,CM20,1AT
E01021840,"8,810",3,CM92 1LA,CM92,1LA
E01021878,"21,384",7,CM0  8PY,CM0, 8PY
E01021914,"22,472",7,SS5  5JR,SS5, 5JR
E01021968,"2,708",1,CO15 1EA,CO15,1EA
E01021972,"20,386",7,CO11 2NG,CO11,2NG
E01021973,"26,355",9,CO16 0EP,CO16,0EP
E01021974,"8,375",3,CO12 5BG,CO12,5BG
E01021974,"8,375",3,CO13 0EL,CO13,0EL
E01021994,"15,294",5,CO14 8NU,CO14,8NU
E01022061,"28,722",9,CB11 3UE,CB11,3UE
E01022062,"30,370",10,CM24 8UL,CM24,8UL
E01022100,"27,142",9,GL52 6SE,GL52,6SE
E01022102,"12,035",4,GL50 1DA,GL50,1DA
E01022102,"12,035",4,GL51 8ET,GL51,8ET
E01022103,"30,950",10,GL54 4ES,GL54,4ES
E01022109,"32,369",10,GL53 9ND,GL53,9ND
E01022175,"20,693",7,GL7  5BA,GL7, 5BA
E01022176,"18,186",6,GL6  9BE,GL6, 9BE
E01022176,"18,186",6,GL8  8RU,GL8, 8RU
E01022178,"23,525",8,GL56 0YW,GL56,0YW
E01022178,"23,525",8,OX7  6FE,OX7, 6FE
E01022179,"21,745",7,GL55 6XQ,GL55,6XQ
E01022182,"22,593",7,WR11 5QB,WR11,5QB
E01022182,"22,593",7,WR12 7LB,WR12,7LB
E01022201,"19,507",6,GL4  8BN,GL4, 8BN
E01022206,"22,499",7,SN16 0JL,SN16,0JL
E01022215,"20,962",7,OX18 4TQ,OX18,4TQ
E01022215,"20,962",7,OX8  4TX,OX8, 4TX
E01022226,"18,939",6,GL15 5FB,GL15,5FB
E01022228,"15,508",5,GL14 1EA,GL14,1EA
E01022229,"20,111",7,GL16 8QJ,GL16,8QJ
E01022235,"18,265",6,GL19 3AY,GL19,3AY
E01022235,"18,265",6,GL2  8BE,GL2, 8BE
E01022248,"21,341",7,NP16 7LT,NP16,7LT
E01022248,"21,341",7,NP6  6SG,NP6, 6SG
E01022283,"30,112",10,GL3  3HE,GL3, 3HE
E01022287,"21,825",7,GL1  2AY,GL1, 2AY
E01022350,"31,610",10,GL10 3TR,GL10,3TR
E01022350,"31,610",10,GL5  5DG,GL5, 5DG
E01022359,"30,535",10,GL11 5RB,GL11,5RB
E01022441,"16,140",5,GL20 7DA,GL20,7DA
E01022462,"24,105",8,WR8  9LA,WR8, 9LA
E01022467,"31,154",10,RG24 0HX,RG24,0HX
E01022468,"23,821",8,RG21 2UN,RG21,2UN
E01022468,"23,821",8,RG25 2JR,RG25,2JR
E01022474,"10,995",4,RG22 4BW,RG22,4BW
E01022488,"14,498",5,RG28 7PJ,RG28,7PJ
E01022514,"21,875",7,SP11 6XJ,SP11,6XJ
E01022528,"31,589",10,RG23 7LE,RG23,7LE
E01022532,"25,970",8,SO21 3BH,SO21,3BH
E01022561,"22,594",7,GU34 5ST,GU34,5ST
E01022561,"22,594",7,SO24 9RY,SO24,9RY
E01022562,"25,804",8,RG29 1RY,RG29,1RY
E01022581,"30,666",10,GU10 4JL,GU10,4JL
E01022582,"28,872",9,GU35 0QN,GU35,0QN
E01022583,"27,269",9,GU30 7HG,GU30,7HG
E01022585,"31,347",10,GU26 6DD,GU26,6DD
E01022585,"31,347",10,GU27 1QE,GU27,1QE
E01022588,"32,433",10,PO8  0FE,PO8, 0FE
E01022592,"20,809",7,GU32 1PZ,GU32,1PZ
E01022592,"20,809",7,GU31 4NJ,GU31,4NJ
E01022597,"20,135",7,GU33 6LJ,GU33,6LJ
E01022617,"29,425",9,SO23 9ZB,SO23,9ZB
E01022628,"25,989",8,PO9  6ER,PO9, 6ER
E01022643,"30,116",10,SO50 8GJ,SO50,8GJ
E01022643,"30,116",10,SO5  6ND,SO5, 6ND
E01022651,"25,805",8,SO30 2NS,SO30,2NS
E01022652,"24,900",8,SO32 2UG,SO32,2UG
E01022654,"26,631",9,SO31 8WX,SO31,8WX
E01022659,"29,747",10,SO53 2LQ,SO53,2LQ
E01022675,"31,415",10,SO52 9ZN,SO52,9ZN
E01022677,"16,923",6,SO97 4AA,SO97,4AA
E01022719,"29,526",9,SO22 6SR,SO22,6SR
E01022720,"31,587",10,PO16 8XA,PO16,8XA
E01022722,"25,297",8,PO14 9ST,PO14,9ST
E01022727,"26,792",9,PO15 5AA,PO15,5AA
E01022744,"31,822",10,PO13 9FJ,PO13,9FJ
E01022794,"30,875",10,PO12 2NS,PO12,2NS
E01022846,"30,227",10,GU13 8RF,GU13,8RF
E01022846,"30,227",10,GU14 9FW,GU14,9FW
E01022846,"30,227",10,GU51 2RE,GU51,2RE
E01022849,"31,665",10,GU52 6JB,GU52,6JB
E01022924,"19,874",7,PO10 7SR,PO10,7SR
E01022928,"32,424",10,PO11 0PJ,PO11,0PJ
E01022977,"31,568",10,SO40 7AR,SO40,7AR
E01022980,"17,197",6,SO51 6AG,SO51,6AG
E01022981,"30,454",10,BH25 6QB,BH25,6QB
E01022987,"30,798",10,SO41 0LJ,SO41,0LJ
E01022992,"24,163",8,SO43 7JJ,SO43,7JJ
E01022998,"26,936",9,SO42 7GG,SO42,7GG
E01023104,"16,616",6,GU16 7SG,GU16,7SG
E01023107,"8,022",3,GU11 3PR,GU11,3PR
E01023107,"8,022",3,GU12 4EN,GU12,4EN
E01023153,"11,898",4,SP10 5BX,SP10,5BX
E01023159,"22,620",7,SP4  0DR,SP4, 0DR
E01023166,"19,974",7,SO20 8BS,SO20,8BS
E01023197,"25,214",8,SP9  7UJ,SP9, 7UJ
E01023256,"8,398",3,SO25 1AA,SO25,1AA
E01023317,"19,678",6,SG13 7NY,SG13,7NY
E01023345,"22,785",7,HP1  1FD,HP1, 1FD
E01023345,"22,785",7,HP2  4RT,HP2, 4RT
E01023345,"22,785",7,HP3  0LN,HP3, 0LN
E01023374,"32,164",10,WD4  9LE,WD4, 9LE
E01023406,"27,062",9,WD5  0BS,WD5, 0BS
E01023462,"19,855",7,SG9  0ET,SG9, 0ET
E01023463,"28,225",9,SG11 2PR,SG11,2PR
E01023467,"27,480",9,AL6  0HA,AL6, 0HA
E01023467,"27,480",9,SG14 2RL,SG14,2RL
E01023467,"27,480",9,SG3  6RJ,SG3, 6RJ
E01023467,"27,480",9,SG2  7EF,SG2, 7EF
E01023468,"31,128",10,SG12 8UR,SG12,8UR
E01023486,"24,620",8,AL9  6HN,AL9, 6HN
E01023492,"20,582",7,SG10 6BJ,SG10,6BJ
E01023523,"32,625",10,WD7  7ZL,WD7, 7ZL
E01023526,"32,633",10,AL2  2EJ,AL2, 2EJ
E01023528,"23,693",8,WD25 8DT,WD25,8DT
E01023559,"29,791",10,WD1  2DL,WD1, 2DL
E01023559,"29,791",10,WD19 4BY,WD19,4BY
E01023584,"15,027",5,AL4  0PD,AL4, 0PD
E01023595,"29,684",10,SG4  8PY,SG4, 8PY
E01023600,"18,908",6,SG1  2JE,SG1, 2JE
E01023665,"29,152",9,AL1  5UL,AL1, 5UL
E01023825,"32,180",10,WD18 8AJ,WD18,8AJ
E01023854,"27,632",9,WD17 3TP,WD17,3TP
E01023855,"18,937",6,WD24 5QR,WD24,5QR
E01023866,"9,202",3,WD99 1AZ,WD99,1AZ
E01023912,"27,226",9,AL7  1AD,AL7, 1AD
E01023916,"24,452",8,AL8  6XX,AL8, 6XX
E01023920,"8,669",3,AL10 0JR,AL10,0JR
E01023972,"9,557",3,TN24 0DX,TN24,0DX
E01023974,"5,612",2,TN23 2ED,TN23,2ED
E01023978,"18,813",6,TN17 4BD,TN17,4BD
E01023978,"18,813",6,TN26 3HR,TN26,3HR
E01023978,"18,813",6,TN27 8JD,TN27,8JD
E01023978,"18,813",6,TN30 6UR,TN30,6UR
E01023981,"11,243",4,TN25 4PX,TN25,4PX
E01023985,"18,058",6,ME13 0JW,ME13,0JW
E01023987,"17,885",6,CT4  8AF,CT4, 8AF
E01024033,"14,004",5,ME17 2BT,ME17,2BT
E01024042,"11,579",4,CT3  3LW,CT3, 3LW
E01024044,"24,571",8,CT1  1AP,CT1, 1AP
E01024046,"30,446",10,CT2  7YS,CT2, 7YS
E01024055,"23,686",8,CT5  3EJ,CT5, 3EJ
E01024056,"28,763",9,CT6  7NZ,CT6, 7NZ
E01024087,"10,998",4,CT7  0JX,CT7, 0JX
E01024132,"12,522",4,DA2  7HY,DA2, 7HY
E01024135,"6,324",2,DA4  9LB,DA4, 9LB
E01024140,"21,751",7,DA9  9WL,DA9, 9WL
E01024141,"20,649",7,DA10 1BB,DA10,1BB
E01024157,"20,074",7,DA3  7JP,DA3, 7JP
E01024157,"20,074",7,DA13 9PH,DA13,9PH
E01024179,"11,021",4,DA11 9AZ,DA11,9AZ
E01024190,"12,681",4,CT15 4JZ,CT15,4JZ
E01024193,"4,155",2,CT16 2FE,CT16,2FE
E01024193,"4,155",2,CT17 0RS,CT17,0RS
E01024198,"16,053",5,CT18 7AZ,CT18,7AZ
E01024200,"12,557",4,CT13 0FY,CT13,0FY
E01024200,"12,557",4,CT14 0DZ,CT14,0DZ
E01024257,"3,222",1,DA12 2RD,DA12,2RD
E01024274,"22,898",7,TN15 7JR,TN15,7JR
E01024320,"31,071",10,ME16 0NZ,ME16,0NZ
E01024325,"31,026",10,ME18 5BT,ME18,5BT
E01024326,"32,329",10,ME14 4AX,ME14,4AX
E01024326,"32,329",10,ME15 8JP,ME15,8JP
E01024332,"19,754",7,TN12 0RN,TN12,0RN
E01024335,"16,667",6,ME20 7DT,ME20,7DT
E01024416,"27,409",9,TN13 2QG,TN13,2QG
E01024451,"23,818",8,TN11 8EZ,TN11,8EZ
E01024486,"10,376",4,TN29 0TA,TN29,0TA
E01024490,"23,143",8,CT21 4RP,CT21,4RP
E01024491,"18,492",6,CT20 3JU,CT20,3JU
E01024491,"18,492",6,CT19 4NN,CT19,4NN
E01024519,"24,078",8,CT50 1AA,CT50,1AA
E01024532,"16,306",5,TN28 8NP,TN28,8NP
E01024554,"20,225",7,ME10 1YH,ME10,1YH
E01024580,366,1,ME12 4LG,ME12,4LG
E01024594,"16,188",5,ME11 5BH,ME11,5BH
E01024633,"6,466",2,CT10 3HQ,CT10,3HQ
E01024634,"6,185",2,CT9  3UP,CT9, 3UP
E01024645,"10,112",4,CT11 0QH,CT11,0QH
E01024645,"10,112",4,CT12 4AF,CT12,4AF
E01024661,"1,171",1,CT8  8DD,CT8, 8DD
E01024729,"19,614",6,TN10 4AQ,TN10,4AQ
E01024732,"20,568",7,TN9  1AB,TN9, 1AB
E01024736,"19,201",6,ME19 6BG,ME19,6BG
E01024760,"25,015",8,ME6  9TL,ME6, 9TL
E01024767,"14,587",5,TN1  1ZT,TN1, 1ZT
E01024767,"14,587",5,TN4  0YP,TN4, 0YP
E01024855,877,1,BB10 4DT,BB10,4DT
E01024855,877,1,BB11 3BU,BB11,3BU
E01024877,79,1,BB12 0AA,BB12,0AA
E01024916,"26,247",8,PR7  4JU,PR7, 4JU
E01024921,"18,367",6,PR5  0RG,PR5, 0RG
E01024956,"28,457",9,PR25 5PN,PR25,5PN
E01024964,"28,194",9,L40  2QP,L40, 2QP
E01024965,"31,270",10,PR26 8LS,PR26,8LS
E01024974,"29,666",10,PR4  6FS,PR4, 6FS
E01024993,"24,166",8,PR3  0XR,PR3, 0XR
E01025002,"18,389",6,FY0  1BR,FY0, 1BR
E01025032,"4,960",2,BB5  5HE,BB5, 5HE
E01025064,"28,090",9,BB7  9JJ,BB7, 9JJ
E01025085,"14,684",5,LA4  5BJ,LA4, 5BJ
E01025091,"6,042",2,LA1  1EJ,LA1, 1EJ
E01025105,"23,155",8,LA2  0HZ,LA2, 0HZ
E01025110,106,1,LA3  1AD,LA3, 1AD
E01025174,"23,428",8,BB9  6BX,BB9, 6BX
E01025177,"28,124",9,BB8  9QT,BB8, 9QT
E01025191,"23,234",8,BB18 5JL,BB18,5JL
E01025192,"10,398",4,BB94 0WA,BB94,0WA
E01025197,"20,248",7,BD23 3JS,BD23,3JS
E01025231,"21,154",7,PR2  1GP,PR2, 1GP
E01025247,"4,736",2,PR0  2AE,PR0, 2AE
E01025303,"29,009",9,PR11 2AA,PR11,2AA
E01025355,"30,663",10,BB4  7RE,BB4, 7RE
E01025359,"11,215",4,OL13 9SA,OL13,9SA
E01025472,"28,325",9,L39  5AQ,L39, 5AQ
E01025541,"16,242",5,FY7  8RS,FY7, 8RS
E01025610,"14,855",5,LE8  3BP,LE8, 3BP
E01025613,"24,279",8,LE9  1SE,LE9, 1SE
E01025617,"29,006",9,LE18 3UP,LE18,3UP
E01025621,"22,297",7,LE10 3DD,LE10,3DD
E01025625,"14,177",5,LE19 4PN,LE19,4PN
E01025664,"23,346",8,LE17 5AT,LE17,5AT
E01025669,"26,832",9,LE21 9EP,LE21,9EP
E01025669,"26,832",9,LE95 2AA,LE95,2AA
E01025674,"21,643",7,LE12 7LP,LE12,7LP
E01025687,"26,887",9,LE67 9PA,LE67,9PA
E01025689,"10,128",4,LE11 0ES,LE11,0ES
E01025761,"32,133",10,LE14 3PU,LE14,3PU
E01025771,"23,606",8,NN6  6JQ,NN6, 6JQ
E01025796,"17,269",6,LE94 0AA,LE94,0AA
E01025817,"29,932",10,CV13 6DR,CV13,6DR
E01025818,"16,414",5,CV10 0TT,CV10,0TT
E01025818,"16,414",5,CV11 6BE,CV11,6BE
E01025881,"26,076",8,CV9  1RD,CV9, 1RD
E01025885,"31,872",10,NG13 0AY,NG13,0AY
E01025885,"31,872",10,NG32 1NZ,NG32,1NZ
E01025887,"16,152",5,LE13 0YF,LE13,0YF
E01025887,"16,152",5,NG33 5HL,NG33,5HL
E01025913,"26,359",9,B79  0PJ,B79, 0PJ
E01025917,"29,031",9,LE55 8AH,LE55,8AH
E01025923,"24,980",8,DE74 2AE,DE74,2AE
E01026006,"5,731",2,PE21 1SA,PE21,1SA
E01026007,"23,734",8,PE22 0BN,PE22,0BN
E01026016,"11,576",4,PE20 2AS,PE20,2AS
E01026033,"9,395",3,LN4  4PX,LN4, 4PX
E01026033,"9,395",3,PE11 4UT,PE11,4UT
E01026042,"6,911",3,LN13 0EE,LN13,0EE
E01026043,"9,520",3,LN12 9AN,LN12,9AN
E01026045,"12,688",4,LN11 0SZ,LN11,0SZ
E01026046,"7,869",3,PE24 4TZ,PE24,4TZ
E01026055,"9,298",3,PE23 5PH,PE23,5PH
E01026056,"6,867",3,PE25 3BB,PE25,3BB
E01026064,"8,446",3,LN9  5HN,LN9, 5HN
E01026082,"12,039",4,LN10 5DZ,LN10,5DZ
E01026122,"7,643",3,LN2  1AF,LN2, 1AF
E01026127,"2,397",1,LN6  0YH,LN6, 0YH
E01026132,"10,018",4,LN1  1RD,LN1, 1RD
E01026132,"10,018",4,LN5  0WA,LN5, 0WA
E01026197,"20,903",7,NG34 8EW,NG34,8EW
E01026199,"20,030",7,NG23 7HU,NG23,7HU
E01026241,"13,298",5,PE10 0BG,PE10,0BG
E01026278,"10,181",4,PE34 4HG,PE34,4HG
E01026291,"26,269",8,NG31 8NT,NG31,8NT
E01026419,"17,676",6,NR17 1JH,NR17,1JH
E01026419,"17,676",6,NR9  4AQ,NR9, 4AQ
E01026421,"21,044",7,NR16 2AL,NR16,2AL
E01026424,"18,629",6,IP26 5BU,IP26,5BU
E01026425,"6,378",2,NR19 1AY,NR19,1AY
E01026426,"10,192",4,NR10 4WJ,NR10,4WJ
E01026426,"10,192",4,NR20 5PZ,NR20,5PZ
E01026437,"18,640",6,IP25 7BD,IP25,7BD
E01026440,"16,190",5,IP24 2GB,IP24,2GB
E01026441,"18,189",6,IP22 2SL,IP22,2SL
E01026442,"13,385",5,NR21 7AA,NR21,7AA
E01026442,"13,385",5,PE32 2GH,PE32,2GH
E01026444,"10,497",4,PE33 9PS,PE33,9PS
E01026444,"10,497",4,PE37 8AG,PE37,8AG
E01026492,"16,520",6,IP27 0GA,IP27,0GA
E01026497,"29,294",9,NR13 3AA,NR13,3AA
E01026499,"11,955",4,NR11 6EP,NR11,6EP
E01026504,"21,377",7,NR12 8PR,NR12,8PR
E01026509,"27,816",9,NR7  0ST,NR7, 0ST
E01026518,"24,921",8,NR8  6AS,NR8, 6AS
E01026526,"20,938",7,NR6  5NE,NR6, 5NE
E01026529,"18,806",6,NR3  2AE,NR3, 2AE
E01026538,"13,529",5,NR30 1SB,NR30,1SB
E01026559,"25,932",8,NR1  1JQ,NR1, 1JQ
E01026559,"25,932",8,NR2  1AY,NR2, 1AY
E01026559,"25,932",8,NR14 7FQ,NR14,7FQ
E01026559,"25,932",8,NR4  6YQ,NR4, 6YQ
E01026559,"25,932",8,NR5  0QA,NR5, 0QA
E01026560,"26,462",9,NR18 0GX,NR18,0GX
E01026560,"26,462",9,NR15 1LW,NR15,1LW
E01026581,"24,426",8,NR31 0NB,NR31,0NB
E01026596,"7,398",3,NR29 3PS,NR29,3PS
E01026645,"13,450",5,PE31 8FG,PE31,8FG
E01026645,"13,450",5,PE36 6NE,PE36,6NE
E01026646,"12,370",4,NR23 1RR,NR23,1RR
E01026653,"24,490",8,PE35 6EQ,PE35,6EQ
E01026662,"2,993",1,PE30 4GJ,PE30,4GJ
E01026695,"10,651",4,NR22 6EN,NR22,6EN
E01026729,"10,860",4,NR24 2FE,NR24,2FE
E01026731,"13,098",4,NR26 8EX,NR26,8EX
E01026731,"13,098",4,NR27 9NF,NR27,9NF
E01026732,"10,977",4,NR25 6AN,NR25,6AN
E01026738,"14,818",5,NR28 0PD,NR28,0PD
E01026872,"18,101",6,IP21 4WZ,IP21,4WZ
E01026872,"18,101",6,IP20 9ND,IP20,9ND
E01026888,"9,184",3,IP23 8PB,IP23,8PB
E01026888,"9,184",3,IP98 1ER,IP98,1ER
E01026892,"15,226",5,NR35 2QH,NR35,2QH
E01026898,"12,864",4,NR34 0LG,NR34,0LG
E01026949,"5,632",2,NN17 1GF,NN17,1GF
E01026950,"1,861",1,NN18 8DL,NN18,8DL
E01026977,"23,150",8,NN14 1DH,NN14,1DH
E01026986,"16,437",6,NN11 9FZ,NN11,9FZ
E01026994,"22,151",7,CV23 8YA,CV23,8YA
E01026997,"28,313",9,NN2  8SH,NN2, 8SH
E01026998,"26,511",9,NN5  6UJ,NN5, 6UJ
E01027018,"28,737",9,NN3  1AU,NN3, 1AU
E01027024,"24,637",8,NN12 8EN,NN12,8EN
E01027076,"20,930",7,NN16 6AB,NN16,6AB
E01027084,"28,236",9,NN15 5YQ,NN15,5YQ
E01027132,"12,113",4,NN1  4BN,NN1, 4BN
E01027153,"1,040",1,NN4  6FL,NN4, 6FL
E01027288,"25,937",8,OX17 3EA,OX17,3EA
E01027291,"31,365",10,OX16 8SU,OX16,8SU
E01027296,"24,463",8,OX10 9SA,OX10,9SA
E01027356,"25,003",8,NE66 3PN,NE66,3PN
E01027356,"25,003",8,NE65 9LS,NE65,9LS
E01027358,"18,489",6,NE67 5ZR,NE67,5ZR
E01027358,"18,489",6,NE68 7WA,NE68,7WA
E01027358,"18,489",6,NE70 7JX,NE70,7JX
E01027358,"18,489",6,NE71 6WA,NE71,6WA
E01027368,"17,538",6,NE61 4BG,NE61,4BG
E01027373,"13,410",5,NE19 1AH,NE19,1AH
E01027374,"13,555",5,NE69 7AJ,NE69,7AJ
E01027375,"12,819",4,TD5  8AR,TD5, 8AR
E01027375,"12,819",4,TD12 4QB,TD12,4QB
E01027376,"14,888",5,TD15 1JZ,TD15,1JZ
E01027391,"8,344",3,NE24 5HW,NE24,5HW
E01027425,"25,500",8,NE22 5RY,NE22,5RY
E01027449,"28,346",9,NE18 0BJ,NE18,0BJ
E01027472,"16,598",6,NE45 5PU,NE45,5PU
E01027476,"17,186",6,NE46 1UT,NE46,1UT
E01027477,"13,605",5,NE47 9DH,NE47,9DH
E01027479,"17,680",6,NE48 2AQ,NE48,2AQ
E01027483,"18,029",6,NE43 7AF,NE43,7AF
E01027484,"17,035",6,NE49 0LL,NE49,0LL
E01027504,"25,100",8,NE44 6YX,NE44,6YX
E01027517,"16,443",6,NE62 5TJ,NE62,5TJ
E01027524,"12,568",4,NE63 8AP,NE63,8AP
E01027532,"17,962",6,NE64 6YZ,NE64,6YZ
E01027557,"17,230",6,HG3  5JL,HG3, 5JL
E01027562,"17,886",6,BD24 9PP,BD24,9PP
E01027587,"23,223",8,DL8  2AE,DL8, 2AE
E01027590,"15,230",5,DL6  2QH,DL6, 2QH
E01027592,"21,370",7,DL7  0JA,DL7, 0JA
E01027593,"23,560",8,HG4  4AA,HG4, 4AA
E01027594,"14,551",5,YO61 3BR,YO61,3BR
E01027597,"27,483",9,YO21 2RG,YO21,2RG
E01027600,"19,109",6,YO7  2BG,YO7, 2BG
E01027638,"30,618",10,HG1  3EL,HG1, 3EL
E01027644,"26,923",9,YO51 9AP,YO51,9AP
E01027646,"22,011",7,HG5  9ND,HG5, 9ND
E01027648,"18,569",6,HG2  7AX,HG2, 7AX
E01027749,"5,380",2,DL9  4LN,DL9, 4LN
E01027774,"19,584",6,YO17 0RX,YO17,0RX
E01027775,"15,970",5,YO62 5EL,YO62,5EL
E01027776,"15,900",5,YO18 8EH,YO18,8EH
E01027798,"14,499",5,YO12 4PQ,YO12,4PQ
E01027802,"16,143",5,YO13 0LL,YO13,0LL
E01027806,319,1,YO14 0YY,YO14,0YY
E01027821,"20,926",7,YO22 5LH,YO22,5LH
E01027925,"18,134",6,NG15 6EZ,NG15,6EZ
E01027947,"16,249",5,NG17 8BN,NG17,8BN
E01027973,"23,823",8,NG18 5BA,NG18,5BA
E01027999,"24,065",8,DN22 9ER,DN22,9ER
E01028006,"19,608",6,NG22 0PG,NG22,0PG
E01028148,"30,508",10,NG14 5WY,NG14,5WY
E01028200,"27,762",9,NG21 0NF,NG21,0NF
E01028268,"2,317",1,NG70 1AA,NG70,1AA
E01028285,"22,432",7,NG24 3FB,NG24,3FB
E01028311,"3,858",2,NG25 0SP,NG25,0SP
E01028357,"31,576",10,NG12 2WN,NG12,2WN
E01028422,"28,462",9,OX15 4AG,OX15,4AG
E01028424,"21,772",7,OX26 1DP,OX26,1DP
E01028424,"21,772",7,OX25 4JE,OX25,4JE
E01028491,"31,161",10,OX20 1FR,OX20,1FR
E01028501,"22,021",7,OX3  9RT,OX3, 9RT
E01028511,"27,264",9,OX29 4EB,OX29,4EB
E01028517,"5,225",2,OX4  5TR,OX4, 5TR
E01028521,"20,079",7,OX1  4EH,OX1, 4EH
E01028555,"18,363",6,OX44 7WQ,OX44,7WQ
E01028703,"18,388",6,OX13 6BB,OX13,6BB
E01028713,"20,882",7,SN7  7PW,SN7, 7PW
E01028784,"26,890",9,OX28 4DA,OX28,4DA
E01028828,"14,001",5,DY12 1SU,DY12,1SU
E01028828,"14,001",5,WV15 6LL,WV15,6LL
E01028842,"19,643",6,WV5  7AA,WV5, 7AA
E01028843,"16,128",5,DY14 0LL,DY14,0LL
E01028844,"23,398",8,ST19 9AP,ST19,9AP
E01028863,"18,046",6,SY12 9BY,SY12,9BY
E01028864,"15,614",5,SY11 3DP,SY11,3DP
E01028904,"13,800",5,SY10 8HP,SY10,8HP
E01028913,"18,132",6,SY22 6LU,SY22,6LU
E01028920,"12,577",4,LL14 5BU,LL14,5BU
E01028929,"26,804",9,SY1  3EB,SY1, 3EB
E01028935,"29,904",10,SY3  9HN,SY3, 9HN
E01028939,"21,427",7,SY2  6QQ,SY2, 6QQ
E01028941,"21,505",7,SY5  8PD,SY5, 8PD
E01028946,"13,694",5,SY99 8AJ,SY99,8AJ
E01028960,"15,043",5,SY6  6LD,SY6, 6LD
E01028978,"12,834",4,SY21 8DL,SY21,8DL
E01028991,"13,882",5,SY15 6SY,SY15,6SY
E01028991,"13,882",5,SY9  5AB,SY9, 5AB
E01029003,"12,689",4,LD7  1DY,LD7, 1DY
E01029018,"20,791",7,BA4  4FU,BA4, 4FU
E01029018,"20,791",7,BA5  3EY,BA5, 3EY
E01029019,"23,100",8,BA6  8NJ,BA6, 8NJ
E01029027,"18,022",6,BA10 0QR,BA10,0QR
E01029046,"2,998",1,BA16 0XS,BA16,0XS
E01029053,"13,658",5,BA13 4AR,BA13,4AR
E01029060,"20,496",7,BS27 3UL,BS27,3UL
E01029077,"17,036",6,BA7  7PF,BA7, 7PF
E01029077,"17,036",6,TA11 7JP,TA11,7JP
E01029089,"23,867",8,TA9  4DB,TA9, 4DB
E01029090,"12,996",4,TA6  4US,TA6, 4US
E01029090,"12,996",4,TA7  0AA,TA7, 0AA
E01029103,"28,865",9,TA5  2AA,TA5, 2AA
E01029113,"23,674",8,TA8  2JX,TA8, 2JX
E01029155,"21,856",7,BA9  8AB,BA9, 8AB
E01029159,"29,670",10,BA20 2EJ,BA20,2EJ
E01029163,"17,056",6,TA12 6DA,TA12,6DA
E01029163,"17,056",6,TA13 5EZ,TA13,5EZ
E01029163,"17,056",6,TA10 0DE,TA10,0DE
E01029163,"17,056",6,TA19 0QZ,TA19,0QZ
E01029181,"19,415",6,TA15 6XL,TA15,6XL
E01029184,"28,042",9,TA16 5YZ,TA16,5YZ
E01029190,"25,132",8,TA17 8SY,TA17,8SY
E01029191,"20,177",7,TA14 6QL,TA14,6QL
E01029221,"17,114",6,BA12 6YD,BA12,6YD
E01029256,"20,049",7,TA1  5BF,TA1, 5BF
E01029256,"20,049",7,TA2  6EY,TA2, 6EY
E01029322,"14,182",5,TA24 6AY,TA24,6AY
E01029326,"10,502",4,TA23 0LE,TA23,0LE
E01029345,"14,124",5,WS15 1DW,WS15,1DW
E01029349,"8,951",3,WS11 2SP,WS11,2SP
E01029349,"8,951",3,WS12 1LE,WS12,1LE
E01029406,"20,415",7,ST10 4HF,ST10,4HF
E01029406,"20,415",7,ST18 0EZ,ST18,0EZ
E01029475,"25,953",8,WS7  9EQ,WS7, 9EQ
E01029477,"31,267",10,WS13 8SY,WS13,8SY
E01029483,"32,515",10,WS14 9RN,WS14,9RN
E01029488,"17,574",6,B78  2AA,B78, 2AA
E01029567,"11,558",4,ST55 9FR,ST55,9FR
E01029620,"17,147",6,WS6  7DA,WS6, 7DA
E01029650,"25,491",8,DY11 5SB,DY11,5SB
E01029656,"25,475",8,ST17 0NZ,ST17,0NZ
E01029681,"10,164",4,ST15 8TL,ST15,8TL
E01029688,"24,521",8,ST20 0AU,ST20,0AU
E01029689,"15,989",5,ST16 3HD,ST16,3HD
E01029695,"22,694",7,ST21 6NX,ST21,6NX
E01029767,"25,939",8,ST13 8QR,ST13,8QR
E01029820,"10,571",4,B77  4NN,B77, 4NN
E01029871,"20,744",7,IP9  2BF,IP9, 2BF
E01029875,"20,845",7,IP7  6PP,IP7, 6PP
E01029876,"16,534",6,IP14 2HY,IP14,2HY
E01029877,"18,783",6,IP8  3DL,IP8, 3DL
E01029878,"24,161",8,IP1  5AN,IP1, 5AN
E01029878,"24,161",8,IP2  0AZ,IP2, 0AZ
E01029881,"17,912",6,IP30 0JJ,IP30,0JJ
E01029881,"17,912",6,IP29 4DZ,IP29,4DZ
E01029958,"14,772",5,IP3  8LF,IP3, 8LF
E01029958,"14,772",5,IP4  5AS,IP4, 5AS
E01030004,"24,295",8,IP5  2XB,IP5, 2XB
E01030039,"18,505",6,IP31 3HA,IP31,3HA
E01030041,"17,619",6,IP6  8EJ,IP6, 8EJ
E01030082,"22,792",7,IP13 8BF,IP13,8BF
E01030082,"22,792",7,IP19 0DE,IP19,0DE
E01030091,"19,158",6,IP32 6EU,IP32,6EU
E01030091,"19,158",6,IP33 1AA,IP33,1AA
E01030152,"23,277",8,IP16 4BF,IP16,4BF
E01030152,"23,277",8,IP15 5DY,IP15,5DY
E01030152,"23,277",8,IP17 1UH,IP17,1UH
E01030155,"22,335",7,IP12 1LQ,IP12,1LQ
E01030158,"29,970",10,IP11 9SY,IP11,9SY
E01030179,"29,861",10,IP10 0BQ,IP10,0BQ
E01030219,"13,357",5,IP18 6SH,IP18,6SH
E01030233,"29,765",10,NR33 8AE,NR33,8AE
E01030240,"17,871",6,NR32 4JN,NR32,4JN
E01030296,"32,233",10,KT10 0HY,KT10,0HY
E01030300,"18,342",6,KT11 1HP,KT11,1HP
E01030311,"16,511",6,KT12 4PW,KT12,4PW
E01030338,"32,448",10,KT13 9EH,KT13,9EH
E01030346,"28,031",9,KT14 7DR,KT14,7DR
E01030347,"24,772",8,KT15 3JG,KT15,3JG
E01030357,"31,484",10,TW16 6BU,TW16,6BU
E01030357,"31,484",10,TW17 8NG,TW17,8NG
E01030420,"20,224",7,KT21 1NZ,KT21,1NZ
E01030434,"31,012",10,GU1  1RZ,GU1, 1RZ
E01030434,"31,012",10,GU4  7FF,GU4, 7FF
E01030440,"25,941",8,GU23 7LE,GU23,7LE
E01030441,"29,534",9,KT24 5TA,KT24,5TA
E01030442,"31,609",10,RH5  6SZ,RH5, 6SZ
E01030446,"28,860",9,KT23 3HY,KT23,3HY
E01030448,"32,083",10,GU2  4FE,GU2, 4FE
E01030452,"23,440",8,GU3  1BF,GU3, 1BF
E01030452,"23,440",8,GU5  0WX,GU5, 0WX
E01030472,"22,024",7,GU8  6BH,GU8, 6BH
E01030472,"22,024",7,GU7  2QW,GU7, 2QW
E01030473,"29,777",10,GU24 0NE,GU24,0NE
E01030524,"17,177",6,KT20 7JN,KT20,7JN
E01030525,"30,562",10,RH4  1NS,RH4, 1NS
E01030525,"30,562",10,RH3  7AU,RH3, 7AU
E01030527,"24,386",8,RH2  8QP,RH2, 8QP
E01030528,"23,755",8,RH12 4RP,RH12,4RP
E01030531,"15,139",5,RH6  0YL,RH6, 0YL
E01030567,"26,491",9,RH1  3AA,RH1, 3AA
E01030612,"26,311",9,RH9  8WS,RH9, 8WS
E01030652,"20,218",7,KT16 8HE,KT16,8HE
E01030663,"14,528",5,TW20 8EQ,TW20,8EQ
E01030677,"17,837",6,GU25 4EA,GU25,4EA
E01030758,"30,242",10,GU20 6PX,GU20,6PX
E01030761,"27,154",9,GU21 2SH,GU21,2SH
E01030778,"32,240",10,GU18 5TN,GU18,5TN
E01030803,"24,316",8,GU95 1AA,GU95,1AA
E01030816,"12,191",4,RH7  6HR,RH7, 6HR
E01030819,"16,661",6,RH10 3HP,RH10,3HP
E01030831,"32,056",10,RH8  0DG,RH8, 0DG
E01030862,"16,453",6,GU6  8EQ,GU6, 8EQ
E01030862,"16,453",6,RH14 0PB,RH14,0PB
E01030882,"32,825",10,GU9  8HQ,GU9, 8HQ
E01030944,"29,645",10,GU22 0QP,GU22,0QP
E01031125,"26,753",9,CV22 7HS,CV22,7HS
E01031130,"17,707",6,CV21 3NP,CV21,3NP
E01031166,"22,106",7,CV47 8AA,CV47,8AA
E01031183,"26,449",9,B50  4ET,B50, 4ET
E01031183,"26,449",9,B49  9BA,B49, 9BA
E01031184,"26,731",9,B96  6NS,B96, 6NS
E01031187,"18,339",6,B95  6HN,B95, 6HN
E01031187,"18,339",6,CV37 9FH,CV37,9FH
E01031193,"19,054",6,CV35 0UD,CV35,0UD
E01031193,"19,054",6,CV36 4HY,CV36,4HY
E01031194,"20,203",7,CV33 0SD,CV33,0SD
E01031199,"18,817",6,CV31 1XH,CV31,1XH
E01031213,"20,593",7,B97  5JS,B97, 5JS
E01031213,"20,593",7,B98  9ET,B98, 9ET
E01031252,"23,670",8,CV32 5GA,CV32,5GA
E01031259,"31,820",10,CV34 6EA,CV34,6EA
E01031338,"27,934",9,BN43 6JT,BN43,6JT
E01031341,"4,700",2,BN15 8PD,BN15,8PD
E01031341,"4,700",2,BN99 6GU,BN99,6GU
E01031362,"18,763",6,BN14 9JU,BN14,9JU
E01031375,"20,648",7,BN44 4DZ,BN44,4DZ
E01031380,"29,837",10,PO21 3PR,PO21,3PR
E01031386,"11,363",4,BN16 4LJ,BN16,4LJ
E01031386,"11,363",4,BN13 3XJ,BN13,3XJ
E01031386,"11,363",4,BN18 9PN,BN18,9PN
E01031388,"22,784",7,BN12 6PN,BN12,6PN
E01031392,"17,102",6,BN17 7GL,BN17,7GL
E01031393,"26,951",9,PO22 0AB,PO22,0AB
E01031395,"29,372",9,PO20 3YA,PO20,3YA
E01031396,"22,697",7,PO18 0JP,PO18,0JP
E01031411,"24,003",8,BN11 1YA,BN11,1YA
E01031477,"17,714",6,GU28 0LX,GU28,0LX
E01031478,"21,737",7,GU29 0BX,GU29,0BX
E01031479,"18,554",6,RH20 1HG,RH20,1HG
E01031480,"17,661",6,PO19 7QJ,PO19,7QJ
E01031546,"11,722",4,RH11 8AU,RH11,8AU
E01031583,"14,318",5,RH77 1AR,RH77,1AR
E01031611,"15,818",5,RH13 7BD,RH13,7BD
E01031617,"24,656",8,BN5  9XH,BN5, 9XH
E01031842,"19,652",6,SN10 3FW,SN10,3FW
E01031842,"19,652",6,SN9  6LR,SN9, 6LR
E01031845,"17,469",6,SN15 2DA,SN15,2DA
E01031876,"19,597",6,BA14 6LH,BA14,6LH
E01031876,"19,597",6,SN12 6SA,SN12,6SA
E01031888,"28,390",9,SN13 0PB,SN13,0PB
E01031891,"21,502",7,SN11 0ZA,SN11,0ZA
E01031974,"20,689",7,SP3  4UT,SP3, 4UT
E01031980,"11,111",4,SP2  9HY,SP2, 9HY
E01031984,"32,751",10,SP1  3WX,SP1, 3WX
E01032126,"23,944",8,B61  0QB,B61, 0QB
E01032126,"23,944",8,B60  1NZ,B60, 1NZ
E01032181,"15,878",5,DY13 9PW,DY13,9PW
E01032182,"23,820",8,WR2  4XY,WR2, 4XY
E01032191,"21,222",7,WR5  3PB,WR5, 3PB
E01032279,"14,637",5,WR3  8YT,WR3, 8YT
E01032280,"14,861",5,WR1  1RZ,WR1, 1RZ
E01032282,"9,573",3,WR78 1AD,WR78,1AD
E01032282,"9,573",3,WR99 1AB,WR99,1AB
E01032292,"7,410",3,WR4  9FG,WR4, 9FG
E01032325,"28,863",9,WR7  4RT,WR7, 4RT
E01032345,"19,474",6,WR9  7DJ,WR9, 7DJ
E01032355,"14,002",5,WR10 2DY,WR10,2DY
E01032734,"15,138",5,SL60 1FP,SL60,1FP
E01032739,"20,497",7,EC3B 0AB,EC3B,0AB
E01032766,"10,232",4,E77  1FF,E77, 1FF
E01032979,256,1,NN99 1BB,NN99,1BB
E01033068,"14,032",5,YO90 1UT,YO90,1UT
E01033144,"24,131",8,CM98 1BA,CM98,1BA
E01033167,629,1,DE99 3AA,DE99,3AA
E01033266,"8,743",3,S98  1YS,S98, 1YS
E01033269,447,1,S99  1AA,S99, 1AA
E01033347,"4,541",2,BS98 1AA,BS98,1AA
E01033362,"11,927",4,BS77 1AA,BS77,1AA
E01033439,"7,710",3,NR99 1AB,NR99,1AB
E01033651,"11,504",4,M2   5WP,M2,  5WP
E01033651,"11,504",4,M61  0EL,M61, 0EL
E01033651,"11,504",4,M99  1FF,M99, 1FF
E01033689,"5,499",2,BD98 8AA,BD98,8AA
E01033748,"16,004",5,L73  6BT,L73, 6BT
E01033750,"20,066",7,L74  4BJ,L74, 4BJ
